
bonus_CHEAP_BRONZE=Cheap Bronze
bonus_CHEAP_BRONZE_desc=-50% Bronze Armour Cost
bonus_RAMMING_PROWNESS=Ramming prowess
bonus_RAMMING_PROWNESS_desc=Rams are 25% stronger
bonus_STRONK_TONKS=Sturdy Tanks
bonus_STRONK_TONKS_desc=Tracked landships have HP bonuses
bonus_WOLF_PACK=Wolf Pack
bonus_WOLF_PACK_desc=Small landships move faster

bonus_Y_ARBALEST=Arbalests
bonus_Y_ARBALEST_desc=Arbalests
bonus_Y_BALLSITA=Ballistas
bonus_Y_BALLSITA_desc=Ballistas
bonus_Y_AIR_OARS=Air Oars
bonus_Y_AIR_OARS_desc=Air Oars
bonus_Y_W_STRUTS=Wooden Struts And Decks
bonus_Y_W_STRUTS_desc=Wooden Struts And Decks
bonus_Y_SANDBAGS=Sandbags
bonus_Y_SANDBAGS_desc=Sandbags
bonus_Y_CLAY_ARMOUR=Clay Armour
bonus_Y_CLAY_ARMOUR_desc=Clay Armour
bonus_Y_GRENADES=Grenades
bonus_Y_GRENADES_desc=Grenades
bonus_Y_MUSKET=Muskets
bonus_Y_MUSKET_desc=Muskets
bonus_Y_BARREL_BOMBS=Barrel Bombs
bonus_Y_BARREL_BOMBS_desc=Barrel Bombs
bonus_Y_BARREL_WARHEADS=Barrel Warheads
bonus_Y_BARREL_WARHEADS_desc=Barrel Warheads
bonus_Y_WARHEADS=Warheads
bonus_Y_WARHEADS_desc=Warheads
bonus_Y_SUSP_DUST_TANK=Suspendium Dust Tanks And Baloons
bonus_Y_SUSP_DUST_TANK_desc=Suspendium Dust Tanks And Baloons
bonus_Y_REINFORCED_SUSP_DUST_TANK=Reinforced Suspendium Dust Tanks
bonus_Y_REINFORCED_SUSP_DUST_TANK_desc=Reinforced Suspendium Dust Tanks
bonus_Y_HELIUM=Helium Tanks
bonus_Y_HELIUM_desc=Helium Tanks
bonus_Y_HYDROGEN=Hydrogen Tanks
bonus_Y_HYDROGEN_desc=Hydrogen Tanks
bonus_Y_ADV_EXPLOSIVES=Advanced Explosives And Warheads
bonus_Y_ADV_EXPLOSIVES_desc=Advanced Explosives And Warheads
bonus_Y_ROCK=Rock And Rock Wall
bonus_Y_ROCK_desc=Rock And Rock Wall
bonus_Y_SUSP_ORE=Suspendium Ore
bonus_Y_SUSP_ORE_desc=Suspendium Ore
bonus_Y_PLANKED_ARMOUR=Planked Armour
bonus_Y_PLANKED_ARMOUR_desc=Planked Armour
bonus_Y_W_KEELS=Wooden Keels
bonus_Y_W_KEELS_desc=Wooden Keels
bonus_Y_W_RAMS=Wooden Rams
bonus_Y_W_RAMS_desc=Wooden Rams
bonus_Y_B_RAMS=Bronze Rams
bonus_Y_B_RAMS_desc=Bronze Rams
bonus_Y_S_RAMS=Steel Rams
bonus_Y_S_RAMS_desc=Steel Rams
bonus_Y_GRAND_RAMS=Grand Rams
bonus_Y_GRAND_RAMS_desc=Grand Rams
bonus_Y_METAL_BLOCKS=Metal Blocks
bonus_Y_METAL_BLOCKS_desc=Metal Blocks
bonus_Y_DRILLS=Drills
bonus_Y_DRILLS_desc=Drills
bonus_Y_JAWS=Jaws
bonus_Y_JAWS_desc=Jaws
bonus_Y_W_SHAPES=Wooden Shapes
bonus_Y_W_SHAPES_desc=Wooden Shapes
bonus_Y_B_SHAPES=Bronze Shapes
bonus_Y_B_SHAPES_desc=Bronze Shapes
bonus_Y_S_SHAPES=Steel Shapes, Struts And Decks
bonus_Y_S_SHAPES_desc=Steel Shapes, Struts And Decks
bonus_Y_BRICK_SHAPES=Brick And Light Stone Crenelations And Shapes
bonus_Y_BRICK_SHAPES_desc=Brick And Light Stone Crenelations And Shapes
bonus_Y_B_WALL=Bronze Wall
bonus_Y_B_WALL_desc=Bronze Wall
bonus_Y_S_WALL=Steel Wall
bonus_Y_S_WALL_desc=Steel Wall
bonus_Y_LIGHT_CANNONS=Light Cannons
bonus_Y_LIGHT_CANNONS_desc=Light Cannons
bonus_Y_OLD_HEAVY_CANNON=Old Heavy Cannon
bonus_Y_OLD_HEAVY_CANNON_desc=Old Heavy Cannon
bonus_Y_SWORD_GUN=Sword Gun
bonus_Y_SWORD_GUN_desc=Sword Gun
bonus_Y_MORTARS=Mortars
bonus_Y_MORTARS_desc=Mortars
bonus_Y_WIDE_ANGLE_CANNONS=Wide Angle Cannons And Turrets
bonus_Y_WIDE_ANGLE_CANNONS_desc=Wide Angle Cannons And Turrets
bonus_Y_ADVANCED_CANNONS=Advanced Cannons
bonus_Y_ADVANCED_CANNONS_desc=Advanced Cannons
bonus_Y_CANNON_MKII=Cannon MKII
bonus_Y_CANNON_MKII_desc=Cannon MKII
bonus_Y_ADV_HEAVY_CANNONS=Advanced Heavy Cannons
bonus_Y_ADV_HEAVY_CANNONS_desc=Advanced Heavy Cannons
bonus_Y_HV_CANNON_MKII=Heavy Cannon MKII
bonus_Y_HV_CANNON_MKII_desc=Heavy Cannon MKII
bonus_Y_SH_CANNONS=Superheavy Cannons
bonus_Y_SH_CANNONS_desc=Superheavy Cannons
bonus_Y_LONG_RIFLES=Long Rifles
bonus_Y_LONG_RIFLES_desc=Long Rifles
bonus_Y_HEAVY_RIFLES=Heavy Rifles
bonus_Y_HEAVY_RIFLES_desc=Heavy Rifles
bonus_Y_MACHINE_GUNS=Machine Guns
bonus_Y_MACHINE_GUNS_desc=Machine Guns
bonus_Y_MINIGUNS=Miniguns
bonus_Y_MINIGUNS_desc=Miniguns
bonus_Y_HEAVY_FLAK=Heavy Flak Cannons
bonus_Y_HEAVY_FLAK_desc=Heavy Flak Cannons
bonus_Y_FLAK_TURRETS=Flak Turrets
bonus_Y_FLAK_TURRETS_desc=Flak Turrets
bonus_Y_ADVANCED_TURRETS=Advanced Turrets
bonus_Y_ADVANCED_TURRETS_desc=Advanced Turrets
bonus_Y_DD_CC_TURRETS=Destroyer And Cruiser Turrets
bonus_Y_DD_CC_TURRETS_desc=Destroyer And Cruiser Turrets
bonus_Y_ADVANCED_HEAVY_TURRETS=Advanced Heavy Turrets
bonus_Y_ADVANCED_HEAVY_TURRETS_desc=Advanced Heavy Turrets
bonus_Y_BB_TURRETS=Battleship Turrets
bonus_Y_BB_TURRETS_desc=Battleship Turrets
bonus_NEBELWERFER=Nebelwerfer
bonus_NEBELWERFER_desc=Nebelwerfer
bonus_MK_46_TORPEDOES=MK46 Torpedoes
bonus_MK_46_TORPEDOES_desc=MK46 Torpedoes
bonus_T93_TORPEDOES=Type 93 Torpedoes
bonus_T93_TORPEDOES_desc=Type 93 Torpedoes
bonus_WUSSUL_TORPEDOES=Wussul Torpedoes
bonus_WUSSUL_TORPEDOES_desc=Wussul Torpedoes
bonus_Y_RADIO=Antenaes
bonus_Y_RADIO_desc=Antenaes
bonus_Y_MASSIVE_PROPELLER=Massive Propeller
bonus_Y_MASSIVE_PROPELLER_desc=Massive Propeller
bonus_Y_HUGE_SUSP_CHAMBERS=Huge Suspendium Chambers
bonus_Y_HUGE_SUSP_CHAMBERS_desc=Huge Suspendium Chambers
bonus_Y_WF_EXCAVATOR=Excavator
bonus_Y_WF_EXCAVATOR_desc=Excavator
bonus_Y_SUSP_DRIVE=Suspendium Drive
bonus_Y_SUSP_DRIVE_desc=Suspendium Drive
bonus_Y_STRUCTURAL_LIGHTENER=Structural Lightener
bonus_Y_STRUCTURAL_LIGHTENER_desc=Structural Lightener
bonus_Y_LIGHT_DEATH_RAY=Light Death Ray
bonus_Y_LIGHT_DEATH_RAY_desc=Light Death Ray
bonus_Y_LIGHTNING_GUN=Lightning Gun
bonus_Y_LIGHTNING_GUN_desc=Lightning Gun
bonus_Y_SUPER_LASER=Super Laser
bonus_Y_SUPER_LASER_desc=Super Laser
bonus_TURBOFAN_ENGINES=Turbofan Engines
bonus_TURBOFAN_ENGINES_desc=Advanced engines which are much more powerful than propeller engines
bonus_TF_JET_FIGHTERS=Jet Fighters
bonus_TF_JET_FIGHTERS_desc=Jet Fighters
bonus_UNICYCLE_MADNESS=Mechanized Unicycle
bonus_UNICYCLE_MADNESS_desc=Madness I tell ya
bonus_TURBOCYCLE_MADNESS=Mechanized Turbocycle
bonus_TURBOCYCLE_MADNESS_desc=Well this is going out of hand

bonus_YALISEAN_BUSINESS=Yalisean Business
bonus_YALISEAN_BUSINESS_desc=Yalisean Business

tech_Y_CROSSBOW=Crossbows
tech_Y_AIR_OARS=Air Oars
tech_Y_GUNPOWDER=Gunpowder
tech_Y_FUSES=Fuses
tech_Y_FIREARMS=Firearms
tech_Y_SUSP_DUST_TANK=Contained Suspendium Dust
tech_Y_REINFORCED_SUSP_DUST_TANK=Reinforced Suspendium Dust Tanks
tech_Y_QUARRYING=Quarrying
tech_Y_CARPENTRY=Carpentry
tech_Y_FABRIC=Fabric
tech_Y_CLAY_FIRING=Clay Firing
tech_Y_WOOD_WORKING=Advanced Wood Working
tech_Y_FITTED_PLANKING=Fitted Planking
tech_Y_ARCHITECTURE=Architecture
tech_Y_BRONZE_WORKING=Bronze Working
tech_Y_STEEL_PROCESSING=Steel Processing
tech_Y_GEOLOGY=Geology
tech_Y_SUSP_ORE_MINING=Raw Suspendium Mining
tech_Y_ELECTROLYSIS=Electrolysis

tech_Y_BALLISTICS=Ballistics
tech_Y_SHELL_AMMO=Shell Ammo
tech_Y_BUILT_UP_CANNONS=Built-Up Cannon Construction
tech_Y_SH_CANNONS=Superheavy Cannons
tech_Y_TURRET_BEARINGS=Turret Bearings
tech_Y_HEAVY_TURRET_BEARINGS=Heavy Turret Bearings
tech_Y_ROCKETRY=Rocketry
tech_Y_MACHINE_GUNS=Advanced Belt Loaders
tech_Y_MINIGUNS=Advanced Rotary Loaders
tech_Y_HEAVY_FLAK=Heavy Flak Cannons
tech_Y_FLAK_TURRETS=Flak Turrets
tech_Y_COMPACT_TORPEDOES=Compact Torpedoes
tech_Y_ADVANCED_TORPEDOES=Advanced Torpedoes
tech_Y_MINIIATURE_TORPEDOES=Miniature Torpedoes
tech_Y_ADV_CHEMISTRY=Advanced Chemistry

tech_Y_HEAVY_MACHINERY=Heavy Machinery
tech_Y_HEAVY_ARTICULATED_MACHINERY=Heavy Articulated Machinery
tech_Y_DEEP_SUSP_MINING=Deep Suspendium Mining

tech_Y_RADIO=Radio
tech_Y_INTEGRATED_ELECTRONICS=Integrated Electronics
tech_Y_ASY_SUSP_REP=Asymmetrical Suspendium Repulsion
tech_Y_CONTROLLED_BALL_LIGHTNING=Controlled Ball Lightning
tech_Y_CONTROLLED_BOLT_LIGHTNING=Controlled Bolt Lightning
tech_Y_LASERS=Lasers

tech_TURBOFAN_ENGINES=Turbofan Engines
tech_TF_JET_FIGHTERS=Jet Aircraft
tech_TF_MADNESS_I_TELL_YA=Madness I Tell Ya
tech_TF_NOW_THIS_IS_RIDICULOUS=Now This Is Ridiculous

tech_YALISEAN_BUSINESS=Yalisean Business

tech_ENGINEER_CORPS=Engineering Corps
tech_LEGALIZED_MAGIC=Legalized Magic
bonus_LEGALIZED_MAGIC=Sanctioned Practice of Sorcery!
bonus_LEGALIZED_MAGIC_desc=After much debate, and a few riots at the church, your empire officially accepts the practice of sorcery!
tech_SCIENCE_DIVISION=Dedicated Science Division
bonus_SCIENCE_DIVISION=Science Labs
bonus_SCIENCE_DIVISION_desc=Establishes a Science Division, ships and buildings can be feilded with scientists.
tech_MAD_SCIENCE=State Funded Mad Science
bonus_MAD_SCIENCE=Advanced Science Labs
bonus_MAD_SCIENCE_desc=Your empireQUOTEs science division has grown in size and political power, and has attracted brilliant eccentrics.
tech_WEREWOLVES=Lycanthropic Studies
bonus_WEREWOLVES=Werewolves
bonus_WEREWOLVES_desc=Your Science Division has studied lycanthropy enough to train werewolves.
tech_FLUNKYSTIEN=Toying with Unlife
bonus_FLUNKYSTIEN=Unlife
bonus_FLUNKYSTIEN_desc=Your Scientists have unlocked the secret to unlife! Although the byproduct is a tad annoying...
tech_SPIDERS=Macro-Arachnid Studies
bonus_SPIDERS=Spiders
bonus_SPIDERS_desc=Your emipires biologists have figured out a way to imprint on spiderlings.
tech_LIGHTNING_COILS=Controlled Lightning
bonus_LIGHTNING_COILS=Salvaged Strange Coils
bonus_LIGHTNING_COILS_desc=Salvaged Strange Coils
tech_ELITE_WEREWOLVES=Werewolf Training Regimen
bonus_ELITE_WEREWOLVES=Werewolf Soldiers
bonus_ELITE_WEREWOLVES_desc=Funds an experiment named QUOTEProject LycanQUOTE.
tech_ELITE_FLUNKYSTIEN=Corpse Conscription
bonus_ELITE_FLUNKYSTIEN=Advanced Unlife
bonus_ELITE_FLUNKYSTIEN_desc=By state decree, all corpses, rich or poor, will be used to make Flunkystiens.
tech_SUSPENDIUM_BEES=Suspendium Bee Keeping
bonus_SUSPENDIUM_BEES=Suspendium Bees
bonus_SUSPENDIUM_BEES_desc=With a lot of patience, work, and disposable farm hands, Suspendium Bees can be tamed.
tech_GYRO_COPTERS=Mastery of Flight
bonus_GYRO_COPTERS=Gyrocopters
bonus_GYRO_COPTERS_desc=Advanced Heavier-Than-Air flight vehicles.
tech_ADVANCED_MONSTERS=Advanced Monsters
bonus_ADVANCED_MONSTERS=Krackens
bonus_ADVANCED_MONSTERS_desc=Access to Krakens, the pinnacle of monsters!

tech_DWARVES=Dwarven Citizenry
bonus_DWARVES=Dwarven Crew
bonus_DWARVES_desc=Dwarves
tech_ELVES=Elven Citizenry
bonus_ELVES=Elven Crew
bonus_ELVES_desc=Elves
tech_KOBOLDS=Kobold Citizenry
bonus_KOBOLDS=Kobold Crew
bonus_KOBOLDS_desc=Kobolds
bonus_SKYWHALING=Skywhaling
bonus_SKYWHALING_desc=Skywhaling

modulecategory_UNIT=Units

modulecategory_WEAPONS_DOCPEABODY=DocPeabodyQUOTEs Weapons
modulecategory_WEAPONS_DOCPEABODY_TURRETS_AP=DocPeabodyQUOTEs AP Turrets
modulecategory_WEAPONS_DOCPEABODY_TURRETS_HE=DocPeabodyQUOTEs HE Turrets
modulecategory_WEAPONS_DOCPEABODY_COMPACT_AP=DocPeabodyQUOTEs Compact AP Turrets
modulecategory_WEAPONS_DOCPEABODY_COMPACT_HE=DocPeabodyQUOTEs Compact HE Turrets
modulecategory_WEAPONS_DOCPEABODY_OLD_AP=DocPeabodyQUOTEs Old AP Turrets (Legacy)
modulecategory_WEAPONS_DOCPEABODY_OLD_HE=DocPeabodyQUOTEs Old HE Turrets (Legacy)

modulecategory_WEAPONS_WF=WF Weapons
modulecategory_WEAPONS_WF_CANNONS_AP=WF AP Cannons
modulecategory_WEAPONS_WF_CANNONS_HE=WF HE Cannons
modulecategory_WEAPONS_WFPODS=WF Weapon Pods
modulecategory_WEAPONS_WFWA=WF Wide Angle Cannons

modulecategory_WEAPONS_RAM=Rams

modulecategory_PROPULSION_PF_OARS=Air oars

modulecategory_ECONOMIC=Commerce
modulecategory_DECORATIVE_Y=Solid Shaping
modulecategory_DECORATIVE_Y_BOWS=Bows
modulecategory_DECORATIVE_TERRAIN=Ground And Island Blocks
modulecategory_DECORATIVE_SHAPING_BRICK=Brick And Stone Parts
modulecategory_DECORATIVE_FANCY_GIRDER=Fancy Shapes and Decks
modulecategory_DECORATIVE_SHAPING_GIRDER=Girder Shapes and Decks
modulecategory_DECORATIVE_SHAPING_WOOD_GIRDER=Wooden Strut Shapes and Decks
modulecategory_DECORATIVE_BITS_AND_PIECES=Decorative Parts
modulecategory_DECORATIVE_METAL_SOLID=Solid Metal Shapes (Kinda Legacy)
modulecategory_DECORATIVE_WOOD_SOLID=Solid Wooden Shapes (Kinda Legacy)

modulecategory_STRUCTURAL_Y_BEAMS=Support Beams


modulecategory_RS_RAMS_WOOD=Ramming speed rams - Wood
modulecategory_RS_EXPLOSIVES=Ramming speed explosives


modulecategory_RS_RAMS_BRONZE=Ramming speed rams - Bronze
modulecategory_RS_WEAPONS_BRONZE=Ramming speed weapons - Bronze
modulecategory_RS_DRILLS_BRONZE=Ramming speed power tools - Bronze

modulecategory_RS_RAMS_STEEL=Ramming speed rams - Steel
modulecategory_RS_WEAPONS_STEEL=Ramming speed weapons - Steel
modulecategory_RS_DRILLS_STEEL=Ramming speed power tools - Steel

modulecategory_RS_RAMS_COPPER=Ramming speed rams - Copper Plated Bronze
modulecategory_RS_WEAPONS_COPPER=Ramming speed weapons - Copper Plated Bronze
modulecategory_RS_DRILLS_COPPER=Ramming speed power tools - Copper Plated Bronze

modulecategory_RS_RAMS_GOLD=Ramming speed rams - Gold Plated Steel
modulecategory_RS_WEAPONS_GOLD=Ramming speed weapons - Gold Plated Steel
modulecategory_RS_DRILLS_GOLD=Ramming speed power tools - Gold Plated Steel


modulecategory_RS_STRUCTURAL_BRONZE=Ramming speed structural - Bronze
modulecategory_RS_STRUCTURAL_BRONZE_NAILS=Ramming speed structural - Bronze (Nails)
modulecategory_RS_STRUCTURAL_STEEL=Ramming speed structural - Steel
modulecategory_RS_STRUCTURAL_STEEL_NAILS=Ramming speed structural - Steel (Nails)

modulecategory_RS_STRUCTURAL_COPPER=Ramming speed structural - Copper Plated Bronze
modulecategory_RS_STRUCTURAL_COPPER_NAILS=Ramming speed structural - Copper Plated Bronze (Nails)
modulecategory_RS_STRUCTURAL_GOLD=Ramming speed structural - Gold Plated Steel
modulecategory_RS_STRUCTURAL_GOLD_NAILS=Ramming speed structural - Gold Plated Steel (Nails)


modulecategory_RS_SHAPING_BRONZE=Ramming speed bronze shapes
modulecategory_RS_SHAPING_STEEL=Ramming speed steel shapes
modulecategory_RS_SHAPING_BRONZE_NAILS=Ramming speed bronze shapes (Nails)
modulecategory_RS_SHAPING_STEEL_NAILS=Ramming speed steel shapes (Nails)

modulecategory_RS_SHAPING_COPPER=Ramming speed copper plated bronze shapes
modulecategory_RS_SHAPING_GOLD=Ramming speed gold plated steel shapes
modulecategory_RS_SHAPING_COPPER_NAILS=Ramming speed copper plated bronze shapes (Nails)
modulecategory_RS_SHAPING_GOLD_NAILS=Ramming speed gold plated steel shapes (Nails)




YALIS_TL_singular=a Yalis Top Left Charge
YALIS_TL_PLURAL=Yalis Top Left Charges

YALIS_TR_singular=a Yalis Top Right Charge
YALIS_TR_PLURAL=Yalis Top Right Charges

YALIS_BL_singular=a Yalis Bottom Left Charge
YALIS_BL_PLURAL=Yalis Bottom Left Charges

YALIS_BR_singular=a Yalis Bottom Right Charge
YALIS_BR_PLURAL=Yalis Bottom Right Charges

WRENCH_B_singular=a Wrench
WRENCH_B_PLURAL=Wrenches

WRENCH_B_ARGENT=an Argent Wrench
WRENCH_B_ARGENT_plural=Argent Wrenches
WRENCH_B_OR=an Or Wrench
WRENCH_B_OR_plural=Or Wrenches
WRENCH_B_GULES=a Gules Wrench
WRENCH_B_GULES_plural=Gules Wrenches
WRENCH_B_AZURE=an Azure Wrench
WRENCH_B_AZURE_plural=Azure Wrenches
WRENCH_B_VERT=a Vert Wrench
WRENCH_B_VERT_plural=Vert Wrenches
WRENCH_B_PURPURE=a Purpure Wrench
WRENCH_B_PURPURE_plural=Purpure Wrenches
WRENCH_B_SABLE=a Sable Wrench
WRENCH_B_SABLE_plural=Sable Wrenches
WRENCH_B_SANGUINE=a Sanguine Wrench
WRENCH_B_SANGUINE_plural=Sanguine Wrenches
WRENCH_B_MURREY=a Murrey Wrench
WRENCH_B_MURREY_plural=Murrey Wrenches
WRENCH_B_TENNE=a Tenné Wrench
WRENCH_B_TENNE_plural=Tenné Wrenches
WRENCH_B_CENDREE=a Cendree Wrench
WRENCH_B_CENDREE_plural=Cendree Wrenches
WRENCH_B_BLEU_CELESTE=a Bleu Celeste Wrench
WRENCH_B_BLEU_CELESTE_plural=Bleu Celeste Wrenches

FAN_singular=a Fan
FAN_PLURAL=Fans

FAN_ARGENT=an Argent Fan
FAN_ARGENT_plural=Argent Fans
FAN_OR=an Or Fan
FAN_OR_plural=Or Fans
FAN_GULES=a Gules Fan
FAN_GULES_plural=Gules Fans
FAN_AZURE=an Azure Fan
FAN_AZURE_plural=Azure Fans
FAN_VERT=a Vert Fan
FAN_VERT_plural=Vert Fans
FAN_PURPURE=a Purpure Fan
FAN_PURPURE_plural=Purpure Fans
FAN_SABLE=a Sable Fan
FAN_SABLE_plural=Sable Fans
FAN_SANGUINE=a Sanguine Fan
FAN_SANGUINE_plural=Sanguine Fans
FAN_MURREY=a Murrey Fan
FAN_MURREY_plural=Murrey Fans
FAN_TENNE=a Tenné Fan
FAN_TENNE_plural=Tenné Fans
FAN_CENDREE=a Cendree Fan
FAN_CENDREE_plural=Cendree Fans
FAN_BLEU_CELESTE=a Bleu Celeste Fan
FAN_BLEU_CELESTE_plural=Bleu Celeste Fans

TURBINE_singular=a Turbine
TURBINE_PLURAL=Turbines

TURBINE_ARGENT=an Argent Turbine
TURBINE_ARGENT_plural=Argent Turbines
TURBINE_OR=an Or Turbine
TURBINE_OR_plural=Or Turbines
TURBINE_GULES=a Gules Turbine
TURBINE_GULES_plural=Gules Turbines
TURBINE_AZURE=an Azure Turbine
TURBINE_AZURE_plural=Azure Turbines
TURBINE_VERT=a Vert Turbine
TURBINE_VERT_plural=Vert Turbines
TURBINE_PURPURE=a Purpure Turbine
TURBINE_PURPURE_plural=Purpure Turbines
TURBINE_SABLE=a Sable Turbine
TURBINE_SABLE_plural=Sable Turbines
TURBINE_SANGUINE=a Sanguine Turbine
TURBINE_SANGUINE_plural=Sanguine Turbines
TURBINE_MURREY=a Murrey Turbine
TURBINE_MURREY_plural=Murrey Turbines
TURBINE_TENNE=a Tenné Turbine
TURBINE_TENNE_plural=Tenné Turbines
TURBINE_CENDREE=a Cendree Turbine
TURBINE_CENDREE_plural=Cendree Turbines
TURBINE_BLEU_CELESTE=a Bleu Celeste Turbine
TURBINE_BLEU_CELESTE_plural=Bleu Celeste Turbines

TURBINE_COVERED_singular=a Covered Turbine
TURBINE_COVERED_PLURAL=Covered Turbines

TURBINE_COVERED_ARGENT=an Argent Covered Turbine
TURBINE_COVERED_ARGENT_plural=Argent Covered Turbines
TURBINE_COVERED_OR=an Or Covered Turbine
TURBINE_COVERED_OR_plural=Or Covered Turbines
TURBINE_COVERED_GULES=a Gules Covered Turbine
TURBINE_COVERED_GULES_plural=Gules Covered Turbines
TURBINE_COVERED_AZURE=an Azure Covered Turbine
TURBINE_COVERED_AZURE_plural=Azure Covered Turbines
TURBINE_COVERED_VERT=a Vert Covered Turbine
TURBINE_COVERED_VERT_plural=Vert Covered Turbines
TURBINE_COVERED_PURPURE=a Purpure Covered Turbine
TURBINE_COVERED_PURPURE_plural=Purpure Covered Turbines
TURBINE_COVERED_SABLE=a Sable Covered Turbine
TURBINE_COVERED_SABLE_plural=Sable Covered Turbines
TURBINE_COVERED_SANGUINE=a Sanguine Covered Turbine
TURBINE_COVERED_SANGUINE_plural=Sanguine Covered Turbines
TURBINE_COVERED_MURREY=a Murrey Covered Turbine
TURBINE_COVERED_MURREY_plural=Murrey Covered Turbines
TURBINE_COVERED_TENNE=a Tenné Covered Turbine
TURBINE_COVERED_TENNE_plural=Tenné Covered Turbines
TURBINE_COVERED_CENDREE=a Cendree Covered Turbine
TURBINE_COVERED_CENDREE_plural=Cendree Covered Turbines
TURBINE_COVERED_BLEU_CELESTE=a Bleu Celeste Covered Turbine
TURBINE_COVERED_BLEU_CELESTE_plural=Bleu Celeste Covered Turbines

PROPELLER_RIGHT_singular=a Propeller
PROPELLER_RIGHT_PLURAL=Propellers

PROPELLER_RIGHT_ARGENT=an Argent Propeller
PROPELLER_RIGHT_ARGENT_plural=Argent Propellers
PROPELLER_RIGHT_OR=an Or Propeller
PROPELLER_RIGHT_OR_plural=Or Propellers
PROPELLER_RIGHT_GULES=a Gules Propeller
PROPELLER_RIGHT_GULES_plural=Gules Propellers
PROPELLER_RIGHT_AZURE=an Azure Propeller
PROPELLER_RIGHT_AZURE_plural=Azure Propellers
PROPELLER_RIGHT_VERT=a Vert Propeller
PROPELLER_RIGHT_VERT_plural=Vert Propellers
PROPELLER_RIGHT_PURPURE=a Purpure Propeller
PROPELLER_RIGHT_PURPURE_plural=Purpure Propellers
PROPELLER_RIGHT_SABLE=a Sable Propeller
PROPELLER_RIGHT_SABLE_plural=Sable Propellers
PROPELLER_RIGHT_SANGUINE=a Sanguine Propeller
PROPELLER_RIGHT_SANGUINE_plural=Sanguine Propellers
PROPELLER_RIGHT_MURREY=a Murrey Propeller
PROPELLER_RIGHT_MURREY_plural=Murrey Propellers
PROPELLER_RIGHT_TENNE=a Tenné Propeller
PROPELLER_RIGHT_TENNE_plural=Tenné Propellers
PROPELLER_RIGHT_CENDREE=a Cendree Propeller
PROPELLER_RIGHT_CENDREE_plural=Cendree Propellers
PROPELLER_RIGHT_BLEU_CELESTE=a Bleu Celeste Propeller
PROPELLER_RIGHT_BLEU_CELESTE_plural=Bleu Celeste Propellers

PROPELLER_LEFT_singular=a Propeller
PROPELLER_LEFT_PLURAL=Propellers

PROPELLER_LEFT_ARGENT=an Argent Propeller
PROPELLER_LEFT_ARGENT_plural=Argent Propellers
PROPELLER_LEFT_OR=an Or Propeller
PROPELLER_LEFT_OR_plural=Or Propellers
PROPELLER_LEFT_GULES=a Gules Propeller
PROPELLER_LEFT_GULES_plural=Gules Propellers
PROPELLER_LEFT_AZURE=an Azure Propeller
PROPELLER_LEFT_AZURE_plural=Azure Propellers
PROPELLER_LEFT_VERT=a Vert Propeller
PROPELLER_LEFT_VERT_plural=Vert Propellers
PROPELLER_LEFT_PURPURE=a Purpure Propeller
PROPELLER_LEFT_PURPURE_plural=Purpure Propellers
PROPELLER_LEFT_SABLE=a Sable Propeller
PROPELLER_LEFT_SABLE_plural=Sable Propellers
PROPELLER_LEFT_SANGUINE=a Sanguine Propeller
PROPELLER_LEFT_SANGUINE_plural=Sanguine Propellers
PROPELLER_LEFT_MURREY=a Murrey Propeller
PROPELLER_LEFT_MURREY_plural=Murrey Propellers
PROPELLER_LEFT_TENNE=a Tenné Propeller
PROPELLER_LEFT_TENNE_plural=Tenné Propellers
PROPELLER_LEFT_CENDREE=a Cendree Propeller
PROPELLER_LEFT_CENDREE_plural=Cendree Propellers
PROPELLER_LEFT_BLEU_CELESTE=a Bleu Celeste Propeller
PROPELLER_LEFT_BLEU_CELESTE_plural=Bleu Celeste Propellers

GERMANCROSS_singular=a German Cross
GERMANCROSS_PLURAL=German Crosses

GERMANCROSS_ARGENT=an Argent German Cross
GERMANCROSS_ARGENT_plural=Argent German Crosses
GERMANCROSS_OR=an Or German Cross
GERMANCROSS_OR_plural=Or German Crosses
GERMANCROSS_GULES=a Gules German Cross
GERMANCROSS_GULES_plural=Gules German Crosses
GERMANCROSS_AZURE=an Azure German Cross
GERMANCROSS_AZURE_plural=Azure German Crosses
GERMANCROSS_VERT=a Vert German Cross
GERMANCROSS_VERT_plural=Vert German Crosses
GERMANCROSS_PURPURE=a Purpure German Cross
GERMANCROSS_PURPURE_plural=Purpure German Crosses
GERMANCROSS_SABLE=a Sable German Cross
GERMANCROSS_SABLE_plural=Sable German Crosses
GERMANCROSS_SANGUINE=a Sanguine German Cross
GERMANCROSS_SANGUINE_plural=Sanguine German Crosses
GERMANCROSS_MURREY=a Murrey German Cross
GERMANCROSS_MURREY_plural=Murrey German Crosses
GERMANCROSS_TENNE=a Tenné German Cross
GERMANCROSS_TENNE_plural=Tenné German Crosses
GERMANCROSS_CENDREE=a Cendree German Cross
GERMANCROSS_CENDREE_plural=Cendree German Crosses
GERMANCROSS_BLEU_CELESTE=a Bleu Celeste German Cross
GERMANCROSS_BLEU_CELESTE_plural=Bleu Celeste German Crosses

WFOX_singular=a Fox
WFOX_PLURAL=Foxes

WFOX_ARGENT=an Argent Fox
WFOX_ARGENT_plural=Argent Foxes
WFOX_OR=an Or Fox
WFOX_OR_plural=Or Foxes
WFOX_GULES=a Gules Fox
WFOX_GULES_plural=Gules Foxes
WFOX_AZURE=an Azure Fox
WFOX_AZURE_plural=Azure Foxes
WFOX_VERT=a Vert Fox
WFOX_VERT_plural=Vert Foxes
WFOX_PURPURE=a Purpure Fox
WFOX_PURPURE_plural=Purpure Foxes
WFOX_SABLE=a Sable Fox
WFOX_SABLE_plural=Sable Foxes
WFOX_SANGUINE=a Sanguine Fox
WFOX_SANGUINE_plural=Sanguine Foxes
WFOX_MURREY=a Murrey Fox
WFOX_MURREY_plural=Murrey Foxes
WFOX_TENNE=a Tenné Fox
WFOX_TENNE_plural=Tenné Foxes
WFOX_CENDREE=a Cendree Fox
WFOX_CENDREE_plural=Cendree Foxes
WFOX_BLEU_CELESTE=a Bleu Celeste Fox
WFOX_BLEU_CELESTE_plural=Bleu Celeste Foxes

SWORD_singular=a Sword
SWORD_PLURAL=Swords

SWORD_ARGENT=an Argent Sword
SWORD_ARGENT_plural=Argent Swords
SWORD_OR=an Or Sword
SWORD_OR_plural=Or Swords
SWORD_GULES=a Gules Sword
SWORD_GULES_plural=Gules Swords
SWORD_AZURE=an Azure Sword
SWORD_AZURE_plural=Azure Swords
SWORD_VERT=a Vert Sword
SWORD_VERT_plural=Vert Swords
SWORD_PURPURE=a Purpure Sword
SWORD_PURPURE_plural=Purpure Swords
SWORD_SABLE=a Sable Sword
SWORD_SABLE_plural=Sable Swords
SWORD_SANGUINE=a Sanguine Sword
SWORD_SANGUINE_plural=Sanguine Swords
SWORD_MURREY=a Murrey Sword
SWORD_MURREY_plural=Murrey Swords
SWORD_TENNE=a Tenné Sword
SWORD_TENNE_plural=Tenné Swords
SWORD_CENDREE=a Cendree Sword
SWORD_CENDREE_plural=Cendree Swords
SWORD_BLEU_CELESTE=a Bleu Celste Sword
SWORD_BLEU_CELESTE_plural=Bleu Celste Swords

TOPHAT_singular=a Top Hat
TOPHAT_PLURAL=Top Hats

TOPHAT_ARGENT=an Argent Top Hat
TOPHAT_ARGENT_plural=Argent Top Hats
TOPHAT_OR=an Or Top Hat
TOPHAT_OR_plural=Or Top Hats
TOPHAT_GULES=a Gules Top Hat
TOPHAT_GULES_plural=Gules Top Hats
TOPHAT_AZURE=an Azure Top Hat
TOPHAT_AZURE_plural=Azure Top Hats
TOPHAT_VERT=a Vert Top Hat
TOPHAT_VERT_plural=Vert Top Hats
TOPHAT_PURPURE=a Purpure Top Hat
TOPHAT_PURPURE_plural=Purpure Top Hats
TOPHAT_SABLE=a Sable Top Hat
TOPHAT_SABLE_plural=Sable Top Hats
TOPHAT_SANGUINE=a Sanguine Top Hat
TOPHAT_SANGUINE_plural=Sanguine Top Hats
TOPHAT_MURREY=a Murrey Top Hat
TOPHAT_MURREY_plural=Murrey Top Hats
TOPHAT_TENNE=a Tenné Top Hat
TOPHAT_TENNE_plural=Tenné Top Hats
TOPHAT_CENDREE=a Cendree Top Hat
TOPHAT_CENDREE_plural=Cendree Top Hats
TOPHAT_BLEU_CELESTE=a Bleu Celste Top Hat
TOPHAT_BLEU_CELESTE_plural=Bleu Celste Top Hats

BATTERY_singular=a Battery
BATTERY_PLURAL=Batteries

BATTERY_ARGENT=an Argent Battery
BATTERY_ARGENT_plural=Argent Batteries
BATTERY_OR=an Or Battery
BATTERY_OR_plural=Or Batteries
BATTERY_GULES=a Gules Battery
BATTERY_GULES_plural=Gules Batteries
BATTERY_AZURE=an Azure Battery
BATTERY_AZURE_plural=Azure Batteries
BATTERY_VERT=a Vert Battery
BATTERY_VERT_plural=Vert Batteries
BATTERY_PURPURE=a Purpure Battery
BATTERY_PURPURE_plural=Purpure Batteries
BATTERY_SABLE=a Sable Battery
BATTERY_SABLE_plural=Sable Batteries
BATTERY_SANGUINE=a Sanguine Battery
BATTERY_SANGUINE_plural=Sanguine Batteries
BATTERY_MURREY=a Murrey Battery
BATTERY_MURREY_plural=Murrey Batteries
BATTERY_TENNE=a Tenné Battery
BATTERY_TENNE_plural=Tenné Batteries
BATTERY_CENDREE=a Cendree Battery
BATTERY_CENDREE_plural=Cendree Batteries
BATTERY_BLEU_CELESTE=a Bleu Celste Battery
BATTERY_BLEU_CELESTE_plural=Bleu Celste Batteries

HEART_singular=a Heart
HEART_PLURAL=Hearts

HEART_ARGENT=an Argent Heart
HEART_ARGENT_plural=Argent Hearts
HEART_OR=an Or Heart
HEART_OR_plural=Or Hearts
HEART_GULES=a Gules Heart
HEART_GULES_plural=Gules Hearts
HEART_AZURE=an Azure Heart
HEART_AZURE_plural=Azure Hearts
HEART_VERT=a Vert Heart
HEART_VERT_plural=Vert Hearts
HEART_PURPURE=a Purpure Heart
HEART_PURPURE_plural=Purpure Hearts
HEART_SABLE=a Sable Heart
HEART_SABLE_plural=Sable Hearts
HEART_SANGUINE=a Sanguine Heart
HEART_SANGUINE_plural=Sanguine Hearts
HEART_MURREY=a Murrey Heart
HEART_MURREY_plural=Murrey Hearts
HEART_TENNE=a Tenné Heart
HEART_TENNE_plural=Tenné Hearts
HEART_CENDREE=a Cendree Heart
HEART_CENDREE_plural=Cendree Hearts
HEART_BLEU_CELESTE=a Bleu Celste Heart
HEART_BLEU_CELESTE_plural=Bleu Celste Hearts

LIGHTBULB_singular=a Lightbulb
LIGHTBULB_PLURAL=Lightbulbs

LIGHTBULB_ARGENT=an Argent Lightbulb
LIGHTBULB_ARGENT_plural=Argent Lightbulbs
LIGHTBULB_OR=an Or Lightbulb
LIGHTBULB_OR_plural=Or Lightbulbs
LIGHTBULB_GULES=a Gules Lightbulb
LIGHTBULB_GULES_plural=Gules Lightbulbs
LIGHTBULB_AZURE=an Azure Lightbulb
LIGHTBULB_AZURE_plural=Azure Lightbulbs
LIGHTBULB_VERT=a Vert Lightbulb
LIGHTBULB_VERT_plural=Vert Lightbulbs
LIGHTBULB_PURPURE=a Purpure Lightbulb
LIGHTBULB_PURPURE_plural=Purpure Lightbulbs
LIGHTBULB_SABLE=a Sable Lightbulb
LIGHTBULB_SABLE_plural=Sable Lightbulbs
LIGHTBULB_SANGUINE=a Sanguine Lightbulb
LIGHTBULB_SANGUINE_plural=Sanguine Lightbulbs
LIGHTBULB_MURREY=a Murrey Lightbulb
LIGHTBULB_MURREY_plural=Murrey Lightbulbs
LIGHTBULB_TENNE=a Tenné Lightbulb
LIGHTBULB_TENNE_plural=Tenné Lightbulbs
LIGHTBULB_CENDREE=a Cendree Lightbulb
LIGHTBULB_CENDREE_plural=Cendree Lightbulbs
LIGHTBULB_BLEU_CELESTE=a Bleu Celste Lightbulb
LIGHTBULB_BLEU_CELESTE_plural=Bleu Celste Lightbulbs

ANCIENTEYE_singular=a Ancient Eye
ANCIENTEYE_PLURAL=Ancient Eyes

ANCIENTEYE_ARGENT=an Argent Ancient Eye
ANCIENTEYE_ARGENT_plural=Argent Ancient Eyes
ANCIENTEYE_OR=an Or Ancient Eye
ANCIENTEYE_OR_plural=Or Ancient Eyes
ANCIENTEYE_GULES=a Gules Ancient Eye
ANCIENTEYE_GULES_plural=Gules Ancient Eyes
ANCIENTEYE_AZURE=an Azure Ancient Eye
ANCIENTEYE_AZURE_plural=Azure Ancient Eyes
ANCIENTEYE_VERT=a Vert Ancient Eye
ANCIENTEYE_VERT_plural=Vert Ancient Eyes
ANCIENTEYE_PURPURE=a Purpure Ancient Eye
ANCIENTEYE_PURPURE_plural=Purpure Ancient Eyes
ANCIENTEYE_SABLE=a Sable Ancient Eye
ANCIENTEYE_SABLE_plural=Sable Ancient Eyes
ANCIENTEYE_SANGUINE=a Sanguine Ancient Eye
ANCIENTEYE_SANGUINE_plural=Sanguine Ancient Eyes
ANCIENTEYE_MURREY=a Murrey Ancient Eye
ANCIENTEYE_MURREY_plural=Murrey Ancient Eyes
ANCIENTEYE_TENNE=a Tenné Ancient Eye
ANCIENTEYE_TENNE_plural=Tenné Ancient Eyes
ANCIENTEYE_CENDREE=a Cendree Ancient Eye
ANCIENTEYE_CENDREE_plural=Cendree Ancient Eyes
ANCIENTEYE_BLEU_CELESTE=a Bleu Celste Ancient Eye
ANCIENTEYE_BLEU_CELESTE_plural=Bleu Celste Ancient Eyes

ANCIENTEYE_B_singular=a Ancient Eye
ANCIENTEYE_B_PLURAL=Ancient Eyes

ANCIENTEYE_B_ARGENT=an Argent Ancient Eye
ANCIENTEYE_B_ARGENT_plural=Argent Ancient Eyes
ANCIENTEYE_B_OR=an Or Ancient Eye
ANCIENTEYE_B_OR_plural=Or Ancient Eyes
ANCIENTEYE_B_GULES=a Gules Ancient Eye
ANCIENTEYE_B_GULES_plural=Gules Ancient Eyes
ANCIENTEYE_B_AZURE=an Azure Ancient Eye
ANCIENTEYE_B_AZURE_plural=Azure Ancient Eyes
ANCIENTEYE_B_VERT=a Vert Ancient Eye
ANCIENTEYE_B_VERT_plural=Vert Ancient Eyes
ANCIENTEYE_B_PURPURE=a Purpure Ancient Eye
ANCIENTEYE_B_PURPURE_plural=Purpure Ancient Eyes
ANCIENTEYE_B_SABLE=a Sable Ancient Eye
ANCIENTEYE_B_SABLE_plural=Sable Ancient Eyes
ANCIENTEYE_B_SANGUINE=a Sanguine Ancient Eye
ANCIENTEYE_B_SANGUINE_plural=Sanguine Ancient Eyes
ANCIENTEYE_B_MURREY=a Murrey Ancient Eye
ANCIENTEYE_B_MURREY_plural=Murrey Ancient Eyes
ANCIENTEYE_B_TENNE=a Tenné Ancient Eye
ANCIENTEYE_B_TENNE_plural=Tenné Ancient Eyes
ANCIENTEYE_B_CENDREE=a Cendree Ancient Eye
ANCIENTEYE_B_CENDREE_plural=Cendree Ancient Eyes
ANCIENTEYE_B_BLEU_CELESTE=a Bleu Celste Ancient Eye
ANCIENTEYE_B_BLEU_CELESTE_plural=Bleu Celste Ancient Eyes

MEDICCROSS_singular=a Medical Cross
MEDICCROSS_PLURAL=Medical Crosses

MEDICCROSS_ARGENT=an Argent Medical Cross
MEDICCROSS_ARGENT_plural=Argent Medical Crosses
MEDICCROSS_OR=an Or Medical Cross
MEDICCROSS_OR_plural=Or Medical Crosses
MEDICCROSS_GULES=a Gules Medical Cross
MEDICCROSS_GULES_plural=Gules Medical Crosses
MEDICCROSS_AZURE=an Azure Medical Cross
MEDICCROSS_AZURE_plural=Azure Medical Crosses
MEDICCROSS_VERT=a Vert Medical Cross
MEDICCROSS_VERT_plural=Vert Medical Crosses
MEDICCROSS_PURPURE=a Purpure Medical Cross
MEDICCROSS_PURPURE_plural=Purpure Medical Crosses
MEDICCROSS_SABLE=a Sable Medical Cross
MEDICCROSS_SABLE_plural=Sable Medical Crosses
MEDICCROSS_SANGUINE=a Sanguine Medical Cross
MEDICCROSS_SANGUINE_plural=Sanguine Medical Crosses
MEDICCROSS_MURREY=a Murrey Medical Cross
MEDICCROSS_MURREY_plural=Murrey Medical Crosses
MEDICCROSS_TENNE=a Tenné Medical Cross
MEDICCROSS_TENNE_plural=Tenné Medical Crosses
MEDICCROSS_CENDREE=a Cendree Medical Cross
MEDICCROSS_CENDREE_plural=Cendree Medical Crosses
MEDICCROSS_BLEU_CELESTE=a Bleu Celste Medical Cross
MEDICCROSS_BLEU_CELESTE_plural=Bleu Celste Medical Crosses

MEDICCROSS_B_singular=a Medical Cross
MEDICCROSS_B_PLURAL=Medical Crosses

MEDICCROSS_B_ARGENT=an Argent Medical Cross
MEDICCROSS_B_ARGENT_plural=Argent Medical Crosses
MEDICCROSS_B_OR=an Or Medical Cross
MEDICCROSS_B_OR_plural=Or Medical Crosses
MEDICCROSS_B_GULES=a Gules Medical Cross
MEDICCROSS_B_GULES_plural=Gules Medical Crosses
MEDICCROSS_B_AZURE=an Azure Medical Cross
MEDICCROSS_B_AZURE_plural=Azure Medical Crosses
MEDICCROSS_B_VERT=a Vert Medical Cross
MEDICCROSS_B_VERT_plural=Vert Medical Crosses
MEDICCROSS_B_PURPURE=a Purpure Medical Cross
MEDICCROSS_B_PURPURE_plural=Purpure Medical Crosses
MEDICCROSS_B_SABLE=a Sable Medical Cross
MEDICCROSS_B_SABLE_plural=Sable Medical Crosses
MEDICCROSS_B_SANGUINE=a Sanguine Medical Cross
MEDICCROSS_B_SANGUINE_plural=Sanguine Medical Crosses
MEDICCROSS_B_MURREY=a Murrey Medical Cross
MEDICCROSS_B_MURREY_plural=Murrey Medical Crosses
MEDICCROSS_B_TENNE=a Tenné Medical Cross
MEDICCROSS_B_TENNE_plural=Tenné Medical Crosses
MEDICCROSS_B_CENDREE=a Cendree Medical Cross
MEDICCROSS_B_CENDREE_plural=Cendree Medical Crosses
MEDICCROSS_B_BLEU_CELESTE=a Bleu Celste Medical Cross
MEDICCROSS_B_BLEU_CELESTE_plural=Bleu Celste Medical Crosses

SMILEY_singular=a Smiley Face
SMILEY_PLURAL=Smiley Faces

SMILEY_ARGENT=an Argent Smiley Face
SMILEY_ARGENT_plural=Argent Smiley Faces
SMILEY_OR=an Or Smiley Face
SMILEY_OR_plural=Or Smiley Faces
SMILEY_GULES=a Gules Smiley Face
SMILEY_GULES_plural=Gules Smiley Faces
SMILEY_AZURE=an Azure Smiley Face
SMILEY_AZURE_plural=Azure Smiley Faces
SMILEY_VERT=a Vert Smiley Face
SMILEY_VERT_plural=Vert Smiley Faces
SMILEY_PURPURE=a Purpure Smiley Face
SMILEY_PURPURE_plural=Purpure Smiley Faces
SMILEY_SABLE=a Sable Smiley Face
SMILEY_SABLE_plural=Sable Smiley Faces
SMILEY_SANGUINE=a Sanguine Smiley Face
SMILEY_SANGUINE_plural=Sanguine Smiley Faces
SMILEY_MURREY=a Murrey Smiley Face
SMILEY_MURREY_plural=Murrey Smiley Faces
SMILEY_TENNE=a Tenné Smiley Face
SMILEY_TENNE_plural=Tenné Smiley Faces
SMILEY_CENDREE=a Cendree Smiley Face
SMILEY_CENDREE_plural=Cendree Smiley Faces
SMILEY_BLEU_CELESTE=a Bleu Celste Smiley Face
SMILEY_BLEU_CELESTE_plural=Bleu Celste Smiley Faces

VIRUS_singular=a Virus
VIRUS_PLURAL=Viruses

VIRUS_ARGENT=an Argent Virus
VIRUS_ARGENT_plural=Argent Viruses
VIRUS_OR=an Or Virus
VIRUS_OR_plural=Or Viruses
VIRUS_GULES=a Gules Virus
VIRUS_GULES_plural=Gules Viruses
VIRUS_AZURE=an Azure Virus
VIRUS_AZURE_plural=Azure Viruses
VIRUS_VERT=a Vert Virus
VIRUS_VERT_plural=Vert Viruses
VIRUS_PURPURE=a Purpure Virus
VIRUS_PURPURE_plural=Purpure Viruses
VIRUS_SABLE=a Sable Virus
VIRUS_SABLE_plural=Sable Viruses
VIRUS_SANGUINE=a Sanguine Virus
VIRUS_SANGUINE_plural=Sanguine Viruses
VIRUS_MURREY=a Murrey Virus
VIRUS_MURREY_plural=Murrey Viruses
VIRUS_TENNE=a Tenné Virus
VIRUS_TENNE_plural=Tenné Viruses
VIRUS_CENDREE=a Cendree Virus
VIRUS_CENDREE_plural=Cendree Viruses
VIRUS_BLEU_CELESTE=a Bleu Celste Virus
VIRUS_BLEU_CELESTE_plural=Bleu Celste Viruses

LIGHTNING_singular=a Lightning Bolt
LIGHTNING_PLURAL=Lightning Bolts

LIGHTNING_ARGENT=an Argent Lightning Bolt
LIGHTNING_ARGENT_plural=Argent Lightning Bolts
LIGHTNING_OR=an Or Lightning Bolt
LIGHTNING_OR_plural=Or Lightning Bolts
LIGHTNING_GULES=a Gules Lightning Bolt
LIGHTNING_GULES_plural=Gules Lightning Bolts
LIGHTNING_AZURE=an Azure Lightning Bolt
LIGHTNING_AZURE_plural=Azure Lightning Bolts
LIGHTNING_VERT=a Vert Lightning Bolt
LIGHTNING_VERT_plural=Vert Lightning Bolts
LIGHTNING_PURPURE=a Purpure Lightning Bolt
LIGHTNING_PURPURE_plural=Purpure Lightning Bolts
LIGHTNING_SABLE=a Sable Lightning Bolt
LIGHTNING_SABLE_plural=Sable Lightning Bolts
LIGHTNING_SANGUINE=a Sanguine Lightning Bolt
LIGHTNING_SANGUINE_plural=Sanguine Lightning Bolts
LIGHTNING_MURREY=a Murrey Lightning Bolt
LIGHTNING_MURREY_plural=Murrey Lightning Bolts
LIGHTNING_TENNE=a Tenné Lightning Bolt
LIGHTNING_TENNE_plural=Tenné Lightning Bolts
LIGHTNING_CENDREE=a Cendree Lightning Bolt
LIGHTNING_CENDREE_plural=Cendree Lightning Bolts
LIGHTNING_BLEU_CELESTE=a Bleu Celste Lightning Bolt
LIGHTNING_BLEU_CELESTE_plural=Bleu Celste Lightning Bolts

GLASSES_singular=Glasses
GLASSES_PLURAL=Glasses

GLASSES_ARGENT=Argent Glasses
GLASSES_ARGENT_plural=Argent Glasses
GLASSES_OR=Or Glasses
GLASSES_OR_plural=Or Glasses
GLASSES_GULES=Gules Glasses
GLASSES_GULES_plural=Gules Glasses
GLASSES_AZURE=Azure Glasses
GLASSES_AZURE_plural=Azure Glasses
GLASSES_VERT=Vert Glasses
GLASSES_VERT_plural=Vert Glasses
GLASSES_PURPURE=Purpure Glasses
GLASSES_PURPURE_plural=Purpure Glasses
GLASSES_SABLE=Sable Glasses
GLASSES_SABLE_plural=Sable Glasses
GLASSES_SANGUINE=Sanguine Glasses
GLASSES_SANGUINE_plural=Sanguine Glasses
GLASSES_MURREY=Murrey Glasses
GLASSES_MURREY_plural=Murrey Glasses
GLASSES_TENNE=Tenné Glasses
GLASSES_TENNE_plural=Tenné Glasses
GLASSES_CENDREE=Cendree Glasses
GLASSES_CENDREE_plural=Cendree Glasses
GLASSES_BLEU_CELESTE=Bleu Celste Glasses
GLASSES_BLEU_CELESTE_plural=Bleu Celste Glasses

GLASSES_B_singular=Round Glasses
GLASSES_B_PLURAL=Round Glasses

GLASSES_B_ARGENT=Argent Round Glasses
GLASSES_B_ARGENT_plural=Argent Round Glasses
GLASSES_B_OR=Or Round Glasses
GLASSES_B_OR_plural=Or Round Glasses
GLASSES_B_GULES=Gules Round Glasses
GLASSES_B_GULES_plural=Gules Round Glasses
GLASSES_B_AZURE=Azure Round Glasses
GLASSES_B_AZURE_plural=Azure Round Glasses
GLASSES_B_VERT=Vert Round Glasses
GLASSES_B_VERT_plural=Vert Round Glasses
GLASSES_B_PURPURE=Purpure Round Glasses
GLASSES_B_PURPURE_plural=Purpure Round Glasses
GLASSES_B_SABLE=Sable Round Glasses
GLASSES_B_SABLE_plural=Sable Round Glasses
GLASSES_B_SANGUINE=Sanguine Round Glasses
GLASSES_B_SANGUINE_plural=Sanguine Round Glasses
GLASSES_B_MURREY=Murrey Round Glasses
GLASSES_B_MURREY_plural=Murrey Round Glasses
GLASSES_B_TENNE=Tenné Round Glasses
GLASSES_B_TENNE_plural=Tenné Round Glasses
GLASSES_B_CENDREE=Cendree Round Glasses
GLASSES_B_CENDREE_plural=Cendree Round Glasses
GLASSES_B_BLEU_CELESTE=Bleu Celste Round Glasses
GLASSES_B_BLEU_CELESTE_plural=Bleu Celste Round Glasses

RIFLE_singular=a Rifle
RIFLE_PLURAL=Rifles

RIFLE_ARGENT=an Argent Rifle
RIFLE_ARGENT_plural=Argent Rifles
RIFLE_OR=an Or Rifle
RIFLE_OR_plural=Or Rifles
RIFLE_GULES=a Gules Rifle
RIFLE_GULES_plural=Gules Rifles
RIFLE_AZURE=an Azure Rifle
RIFLE_AZURE_plural=Azure Rifles
RIFLE_VERT=a Vert Rifle
RIFLE_VERT_plural=Vert Rifles
RIFLE_PURPURE=a Purpure Rifle
RIFLE_PURPURE_plural=Purpure Rifles
RIFLE_SABLE=a Sable Rifle
RIFLE_SABLE_plural=Sable Rifles
RIFLE_SANGUINE=a Sanguine Rifle
RIFLE_SANGUINE_plural=Sanguine Rifles
RIFLE_MURREY=a Murrey Rifle
RIFLE_MURREY_plural=Murrey Rifles
RIFLE_TENNE=a Tenné Rifle
RIFLE_TENNE_plural=Tenné Rifles
RIFLE_CENDREE=a Cendree Rifle
RIFLE_CENDREE_plural=Cendree Rifles
RIFLE_BLEU_CELESTE=a Bleu Celeste Rifle
RIFLE_BLEU_CELESTE_plural=Bleu Celeste Rifles

ENROD_singular=a Enrod
ENROD_PLURAL=Enrods

ENROD_ARGENT=an Argent Enrod
ENROD_ARGENT_plural=Argent Enrods
ENROD_OR=an Or Enrod
ENROD_OR_plural=Or Enrods
ENROD_GULES=a Gules Enrod
ENROD_GULES_plural=Gules Enrods
ENROD_AZURE=an Azure Enrod
ENROD_AZURE_plural=Azure Enrods
ENROD_VERT=a Vert Enrod
ENROD_VERT_plural=Vert Enrods
ENROD_PURPURE=a Purpure Enrod
ENROD_PURPURE_plural=Purpure Enrods
ENROD_SABLE=a Sable Enrod
ENROD_SABLE_plural=Sable Enrods
ENROD_SANGUINE=a Sanguine Enrod
ENROD_SANGUINE_plural=Sanguine Enrods
ENROD_MURREY=a Murrey Enrod
ENROD_MURREY_plural=Murrey Enrods
ENROD_TENNE=a Tenné Enrod
ENROD_TENNE_plural=Tenné Enrods
ENROD_CENDREE=a Cendree Enrod
ENROD_CENDREE_plural=Cendree Enrods
ENROD_BLEU_CELESTE=a Bleu Celeste Enrod
ENROD_BLEU_CELESTE_plural=Bleu Celeste Enrods

STAR_singular=a Star
STAR_PLURAL=Stars

STAR_ARGENT=an Argent Star
STAR_ARGENT_plural=Argent Stars
STAR_OR=an Or Star
STAR_OR_plural=Or Stars
STAR_GULES=a Gules Star
STAR_GULES_plural=Gules Stars
STAR_AZURE=an Azure Star
STAR_AZURE_plural=Azure Stars
STAR_VERT=a Vert Star
STAR_VERT_plural=Vert Stars
STAR_PURPURE=a Purpure Star
STAR_PURPURE_plural=Purpure Stars
STAR_SABLE=a Sable Star
STAR_SABLE_plural=Sable Stars
STAR_SANGUINE=a Sanguine Star
STAR_SANGUINE_plural=Sanguine Stars
STAR_MURREY=a Murrey Star
STAR_MURREY_plural=Murrey Stars
STAR_TENNE=a Tenné Star
STAR_TENNE_plural=Tenné Stars
STAR_CENDREE=a Cendree Star
STAR_CENDREE_plural=Cendree Stars
STAR_BLEU_CELESTE=a Bleu Celeste Star
STAR_BLEU_CELESTE_plural=Bleu Celeste Stars

SKULL_singular=a Skull
SKULL_PLURAL=Skulls

SKULL_ARGENT=an Argent Skull
SKULL_ARGENT_plural=Argent Skulls
SKULL_OR=an Or Skull
SKULL_OR_plural=Or Skulls
SKULL_GULES=a Gules Skull
SKULL_GULES_plural=Gules Skulls
SKULL_AZURE=an Azure Skull
SKULL_AZURE_plural=Azure Skulls
SKULL_VERT=a Vert Skull
SKULL_VERT_plural=Vert Skulls
SKULL_PURPURE=a Purpure Skull
SKULL_PURPURE_plural=Purpure Skulls
SKULL_SABLE=a Sable Skull
SKULL_SABLE_plural=Sable Skulls
SKULL_SANGUINE=a Sanguine Skull
SKULL_SANGUINE_plural=Sanguine Skulls
SKULL_MURREY=a Murrey Skull
SKULL_MURREY_plural=Murrey Skulls
SKULL_TENNE=a Tenné Skull
SKULL_TENNE_plural=Tenné Skulls
SKULL_CENDREE=a Cendree Skull
SKULL_CENDREE_plural=Cendree Skulls
SKULL_BLEU_CELESTE=a Bleu Celeste Skull
SKULL_BLEU_CELESTE_plural=Bleu Celeste Skulls

SKULL_AND_CROSSBONES_singular=a Skull and Crossbones
SKULL_AND_CROSSBONES_PLURAL=Skulls and Crossbones

SKULL_AND_CROSSBONES_ARGENT=an Argent Skull and Crossbones
SKULL_AND_CROSSBONES_ARGENT_plural=Argent Skulls and Crossbones
SKULL_AND_CROSSBONES_OR=an Or Skull and Crossbones
SKULL_AND_CROSSBONES_OR_plural=Or Skulls and Crossbones
SKULL_AND_CROSSBONES_GULES=a Gules Skull and Crossbones
SKULL_AND_CROSSBONES_GULES_plural=Gules Skulls and Crossbones
SKULL_AND_CROSSBONES_AZURE=an Azure Skull and Crossbones
SKULL_AND_CROSSBONES_AZURE_plural=Azure Skulls and Crossbones
SKULL_AND_CROSSBONES_VERT=a Vert Skull and Crossbones
SKULL_AND_CROSSBONES_VERT_plural=Vert Skulls and Crossbones
SKULL_AND_CROSSBONES_PURPURE=a Purpure Skull and Crossbones
SKULL_AND_CROSSBONES_PURPURE_plural=Purpure Skulls and Crossbones
SKULL_AND_CROSSBONES_SABLE=a Sable Skull and Crossbones
SKULL_AND_CROSSBONES_SABLE_plural=Sable Skulls and Crossbones
SKULL_AND_CROSSBONES_SANGUINE=a Sanguine Skull and Crossbones
SKULL_AND_CROSSBONES_SANGUINE_plural=Sanguine Skulls and Crossbones
SKULL_AND_CROSSBONES_MURREY=a Murrey Skull and Crossbones
SKULL_AND_CROSSBONES_MURREY_plural=Murrey Skulls and Crossbones
SKULL_AND_CROSSBONES_TENNE=a Tenné Skull and Crossbones
SKULL_AND_CROSSBONES_TENNE_plural=Tenné Skulls and Crossbones
SKULL_AND_CROSSBONES_CENDREE=a Cendree Skull and Crossbones
SKULL_AND_CROSSBONES_CENDREE_plural=Cendree Skulls and Crossbones
SKULL_AND_CROSSBONES_BLEU_CELESTE=a Bleu Celeste Skull and Crossbones
SKULL_AND_CROSSBONES_BLEU_CELESTE_plural=Bleu Celeste Skulls and Crossbones

SKULL_AND_SABRES_singular=a Skull and Sabres
SKULL_AND_SABRES_PLURAL=Skulls and Sabres

SKULL_AND_SABRES_ARGENT=an Argent Skull and Sabres
SKULL_AND_SABRES_ARGENT_plural=Argent Skulls and Sabres
SKULL_AND_SABRES_OR=an Or Skull and Sabres
SKULL_AND_SABRES_OR_plural=Or Skulls and Sabres
SKULL_AND_SABRES_GULES=a Gules Skull and Sabres
SKULL_AND_SABRES_GULES_plural=Gules Skulls and Sabres
SKULL_AND_SABRES_AZURE=an Azure Skull and Sabres
SKULL_AND_SABRES_AZURE_plural=Azure Skulls and Sabres
SKULL_AND_SABRES_VERT=a Vert Skull and Sabres
SKULL_AND_SABRES_VERT_plural=Vert Skulls and Sabres
SKULL_AND_SABRES_PURPURE=a Purpure Skull and Sabres
SKULL_AND_SABRES_PURPURE_plural=Purpure Skulls and Sabres
SKULL_AND_SABRES_SABLE=a Sable Skull and Sabres
SKULL_AND_SABRES_SABLE_plural=Sable Skulls and Sabres
SKULL_AND_SABRES_SANGUINE=a Sanguine Skull and Sabres
SKULL_AND_SABRES_SANGUINE_plural=Sanguine Skulls and Sabres
SKULL_AND_SABRES_MURREY=a Murrey Skull and Sabres
SKULL_AND_SABRES_MURREY_plural=Murrey Skulls and Sabres
SKULL_AND_SABRES_TENNE=a Tenné Skull and Sabres
SKULL_AND_SABRES_TENNE_plural=Tenné Skulls and Sabres
SKULL_AND_SABRES_CENDREE=a Cendree Skull and Sabres
SKULL_AND_SABRES_CENDREE_plural=Cendree Skulls and Sabres
SKULL_AND_SABRES_BLEU_CELESTE=a Bleu Celeste Skull and Sabres
SKULL_AND_SABRES_BLEU_CELESTE_plural=Bleu Celeste Skulls and Sabres

HOURGLASS_singular=a Hourglass
HOURGLASS_PLURAL=Hourglasses

HOURGLASS_ARGENT=an Argent Hourglass
HOURGLASS_ARGENT_plural=Argent Hourglasses
HOURGLASS_OR=an Or Hourglass
HOURGLASS_OR_plural=Or Hourglasses
HOURGLASS_GULES=a Gules Hourglass
HOURGLASS_GULES_plural=Gules Hourglasses
HOURGLASS_AZURE=an Azure Hourglass
HOURGLASS_AZURE_plural=Azure Hourglasses
HOURGLASS_VERT=a Vert Hourglass
HOURGLASS_VERT_plural=Vert Hourglasses
HOURGLASS_PURPURE=a Purpure Hourglass
HOURGLASS_PURPURE_plural=Purpure Hourglasses
HOURGLASS_SABLE=a Sable Hourglass
HOURGLASS_SABLE_plural=Sable Hourglasses
HOURGLASS_SANGUINE=a Sanguine Hourglass
HOURGLASS_SANGUINE_plural=Sanguine Hourglasses
HOURGLASS_MURREY=a Murrey Hourglass
HOURGLASS_MURREY_plural=Murrey Hourglasses
HOURGLASS_TENNE=a Tenné Hourglass
HOURGLASS_TENNE_plural=Tenné Hourglasses
HOURGLASS_CENDREE=a Cendree Hourglass
HOURGLASS_CENDREE_plural=Cendree Hourglasses
HOURGLASS_BLEU_CELESTE=a Bleu Celeste Hourglass
HOURGLASS_BLEU_CELESTE_plural=Bleu Celeste Hourglasses

ARM_AND_SABRE_singular=an Arm and Sabre
ARM_AND_SABRE_PLURAL=Arms and Sabres

ARM_AND_SABRE_ARGENT=an Argent Arm and Sabre
ARM_AND_SABRE_ARGENT_plural=Argent Arms and Sabres
ARM_AND_SABRE_OR=an Or Arm and Sabre
ARM_AND_SABRE_OR_plural=Or Arms and Sabres
ARM_AND_SABRE_GULES=a Gules Arm and Sabre
ARM_AND_SABRE_GULES_plural=Gules Arms and Sabres
ARM_AND_SABRE_AZURE=an Azure Arm and Sabre
ARM_AND_SABRE_AZURE_plural=Azure Arms and Sabres
ARM_AND_SABRE_VERT=a Vert Arm and Sabre
ARM_AND_SABRE_VERT_plural=Vert Arms and Sabres
ARM_AND_SABRE_PURPURE=a Purpure Arm and Sabre
ARM_AND_SABRE_PURPURE_plural=Purpure Arms and Sabres
ARM_AND_SABRE_SABLE=a Sable Arm and Sabre
ARM_AND_SABRE_SABLE_plural=Sable Arms and Sabres
ARM_AND_SABRE_SANGUINE=a Sanguine Arm and Sabre
ARM_AND_SABRE_SANGUINE_plural=Sanguine Arms and Sabres
ARM_AND_SABRE_MURREY=a Murrey Arm and Sabre
ARM_AND_SABRE_MURREY_plural=Murrey Arms and Sabres
ARM_AND_SABRE_TENNE=a Tenné Arm and Sabre
ARM_AND_SABRE_TENNE_plural=Tenné Arms and Sabres
ARM_AND_SABRE_CENDREE=a Cendree Arm and Sabre
ARM_AND_SABRE_CENDREE_plural=Cendree Arms and Sabres
ARM_AND_SABRE_BLEU_CELESTE=a Bleu Celeste Arm and Sabre
ARM_AND_SABRE_BLEU_CELESTE_plural=Bleu Celeste Arms and Sabres

SKELETON_singular=a Spooky Scary Skeleton
SKELETON_PLURAL=Spooky Scary Skeletons

SKELETON_ARGENT=an Argent Spooky Scary Skeleton
SKELETON_ARGENT_plural=Argent Spooky Scary Skeletons
SKELETON_OR=an Or Spooky Scary Skeleton
SKELETON_OR_plural=Or Spooky Scary Skeletons
SKELETON_GULES=a Gules Spooky Scary Skeleton
SKELETON_GULES_plural=Gules Spooky Scary Skeletons
SKELETON_AZURE=an Azure Spooky Scary Skeleton
SKELETON_AZURE_plural=Azure Spooky Scary Skeletons
SKELETON_VERT=a Vert Spooky Scary Skeleton
SKELETON_VERT_plural=Vert Spooky Scary Skeletons
SKELETON_PURPURE=a Purpure Spooky Scary Skeleton
SKELETON_PURPURE_plural=Purpure Spooky Scary Skeletons
SKELETON_SABLE=a Sable Spooky Scary Skeleton
SKELETON_SABLE_plural=Sable Spooky Scary Skeletons
SKELETON_SANGUINE=a Sanguine Spooky Scary Skeleton
SKELETON_SANGUINE_plural=Sanguine Spooky Scary Skeletons
SKELETON_MURREY=a Murrey Spooky Scary Skeleton
SKELETON_MURREY_plural=Murrey Spooky Scary Skeletons
SKELETON_TENNE=a Tenné Spooky Scary Skeleton
SKELETON_TENNE_plural=Tenné Spooky Scary Skeletons
SKELETON_CENDREE=a Cendree Spooky Scary Skeleton
SKELETON_CENDREE_plural=Cendree Spooky Scary Skeletons
SKELETON_BLEU_CELESTE=a Bleu Celeste Spooky Scary Skeleton
SKELETON_BLEU_CELESTE_plural=Bleu Celeste Spooky Scary Skeletons

PIERCED_HEART_singular=a Pierced Heart
PIERCED_HEART_PLURAL=Pierced Hearts

PIERCED_HEART_ARGENT=an Argent Pierced Heart
PIERCED_HEART_ARGENT_plural=Argent Pierced Hearts
PIERCED_HEART_OR=an Or Pierced Heart
PIERCED_HEART_OR_plural=Or Pierced Hearts
PIERCED_HEART_GULES=a Gules Pierced Heart
PIERCED_HEART_GULES_plural=Gules Pierced Hearts
PIERCED_HEART_AZURE=an Azure Pierced Heart
PIERCED_HEART_AZURE_plural=Azure Pierced Hearts
PIERCED_HEART_VERT=a Vert Pierced Heart
PIERCED_HEART_VERT_plural=Vert Pierced Hearts
PIERCED_HEART_PURPURE=a Purpure Pierced Heart
PIERCED_HEART_PURPURE_plural=Purpure Pierced Hearts
PIERCED_HEART_SABLE=a Sable Pierced Heart
PIERCED_HEART_SABLE_plural=Sable Pierced Hearts
PIERCED_HEART_SANGUINE=a Sanguine Pierced Heart
PIERCED_HEART_SANGUINE_plural=Sanguine Pierced Hearts
PIERCED_HEART_MURREY=a Murrey Pierced Heart
PIERCED_HEART_MURREY_plural=Murrey Pierced Hearts
PIERCED_HEART_TENNE=a Tenné Pierced Heart
PIERCED_HEART_TENNE_plural=Tenné Pierced Hearts
PIERCED_HEART_CENDREE=a Cendree Pierced Heart
PIERCED_HEART_CENDREE_plural=Cendree Pierced Hearts
PIERCED_HEART_BLEU_CELESTE=a Bleu Celeste Pierced Heart
PIERCED_HEART_BLEU_CELESTE_plural=Bleu Celeste Pierced Hearts

SKULL_B_singular=an Evil Skull
SKULL_B_PLURAL=Evil Skulls

SKULL_B_ARGENT=an Argent Evil Skull
SKULL_B_ARGENT_plural=Argent Evil Skulls
SKULL_B_OR=an Or Evil Skull
SKULL_B_OR_plural=Or Evil Skulls
SKULL_B_GULES=a Gules Evil Skull
SKULL_B_GULES_plural=Gules Evil Skulls
SKULL_B_AZURE=an Azure Evil Skull
SKULL_B_AZURE_plural=Azure Evil Skulls
SKULL_B_VERT=a Vert Evil Skull
SKULL_B_VERT_plural=Vert Evil Skulls
SKULL_B_PURPURE=a Purpure Evil Skull
SKULL_B_PURPURE_plural=Purpure Evil Skulls
SKULL_B_SABLE=a Sable Evil Skull
SKULL_B_SABLE_plural=Sable Evil Skulls
SKULL_B_SANGUINE=a Sanguine Evil Skull
SKULL_B_SANGUINE_plural=Sanguine Evil Skulls
SKULL_B_MURREY=a Murrey Evil Skull
SKULL_B_MURREY_plural=Murrey Evil Skulls
SKULL_B_TENNE=a Tenné Evil Skull
SKULL_B_TENNE_plural=Tenné Evil Skulls
SKULL_B_CENDREE=a Cendree Evil Skull
SKULL_B_CENDREE_plural=Cendree Evil Skulls
SKULL_B_BLEU_CELESTE=a Bleu Celeste Evil Skull
SKULL_B_BLEU_CELESTE_plural=Bleu Celeste Evil Skulls

SKULL_AND_CROSSBONES_B_singular=a Skull and Crossbones
SKULL_AND_CROSSBONES_B_PLURAL=Skulls and Crossbones

SKULL_AND_CROSSBONES_B_ARGENT=an Argent Skull and Crossbones
SKULL_AND_CROSSBONES_B_ARGENT_plural=Argent Skulls and Crossbones
SKULL_AND_CROSSBONES_B_OR=an Or Skull and Crossbones
SKULL_AND_CROSSBONES_B_OR_plural=Or Skulls and Crossbones
SKULL_AND_CROSSBONES_B_GULES=a Gules Skull and Crossbones
SKULL_AND_CROSSBONES_B_GULES_plural=Gules Skulls and Crossbones
SKULL_AND_CROSSBONES_B_AZURE=an Azure Skull and Crossbones
SKULL_AND_CROSSBONES_B_AZURE_plural=Azure Skulls and Crossbones
SKULL_AND_CROSSBONES_B_VERT=a Vert Skull and Crossbones
SKULL_AND_CROSSBONES_B_VERT_plural=Vert Skulls and Crossbones
SKULL_AND_CROSSBONES_B_PURPURE=a Purpure Skull and Crossbones
SKULL_AND_CROSSBONES_B_PURPURE_plural=Purpure Skulls and Crossbones
SKULL_AND_CROSSBONES_B_SABLE=a Sable Skull and Crossbones
SKULL_AND_CROSSBONES_B_SABLE_plural=Sable Skulls and Crossbones
SKULL_AND_CROSSBONES_B_SANGUINE=a Sanguine Skull and Crossbones
SKULL_AND_CROSSBONES_B_SANGUINE_plural=Sanguine Skulls and Crossbones
SKULL_AND_CROSSBONES_B_MURREY=a Murrey Skull and Crossbones
SKULL_AND_CROSSBONES_B_MURREY_plural=Murrey Skulls and Crossbones
SKULL_AND_CROSSBONES_B_TENNE=a Tenné Skull and Crossbones
SKULL_AND_CROSSBONES_B_TENNE_plural=Tenné Skulls and Crossbones
SKULL_AND_CROSSBONES_B_CENDREE=a Cendree Skull and Crossbones
SKULL_AND_CROSSBONES_B_CENDREE_plural=Cendree Skulls and Crossbones
SKULL_AND_CROSSBONES_B_BLEU_CELESTE=a Bleu Celeste Skull and Crossbones
SKULL_AND_CROSSBONES_B_BLEU_CELESTE_plural=Bleu Celeste Skulls and Crossbones

STRIPES_V_singular=Vertical Stripes
STRIPES_V_PLURAL=Vertical Stripes

STRIPES_V_ARGENT=Argent Vertical Stripes
STRIPES_V_ARGENT_plural=Argent Vertical Stripes
STRIPES_V_OR=Or Vertical Stripes
STRIPES_V_OR_plural=Or Vertical Stripes
STRIPES_V_GULES=Gules Vertical Stripes
STRIPES_V_GULES_plural=Gules Vertical Stripes
STRIPES_V_AZURE=Azure Vertical Stripes
STRIPES_V_AZURE_plural=Azure Vertical Stripes
STRIPES_V_VERT=Vert Vertical Stripes
STRIPES_V_VERT_plural=Vert Vertical Stripes
STRIPES_V_PURPURE=Purpure Vertical Stripes
STRIPES_V_PURPURE_plural=Purpure Vertical Stripes
STRIPES_V_SABLE=Sable Vertical Stripes
STRIPES_V_SABLE_plural=Sable Vertical Stripes
STRIPES_V_SANGUINE=Sanguine Vertical Stripes
STRIPES_V_SANGUINE_plural=Sanguine Vertical Stripes
STRIPES_V_MURREY=Murrey Vertical Stripes
STRIPES_V_MURREY_plural=Murrey Vertical Stripes
STRIPES_V_TENNE=Tenné Vertical Stripes
STRIPES_V_TENNE_plural=Tenné Vertical Stripes
STRIPES_V_CENDREE=Cendree Vertical Stripes
STRIPES_V_CENDREE_plural=Cendree Vertical Stripes
STRIPES_V_BLEU_CELESTE=Bleu Celste Vertical Stripes
STRIPES_V_BLEU_CELESTE_plural=Bleu Celste Vertical Stripes

STRIPES_H_singular=Horizontal Stripes
STRIPES_H_PLURAL=Horizontal Stripes

STRIPES_H_ARGENT=Argent Horizontal Stripes
STRIPES_H_ARGENT_plural=Argent Horizontal Stripes
STRIPES_H_OR=Or Horizontal Stripes
STRIPES_H_OR_plural=Or Horizontal Stripes
STRIPES_H_GULES=Gules Horizontal Stripes
STRIPES_H_GULES_plural=Gules Horizontal Stripes
STRIPES_H_AZURE=Azure Horizontal Stripes
STRIPES_H_AZURE_plural=Azure Horizontal Stripes
STRIPES_H_VERT=Vert Horizontal Stripes
STRIPES_H_VERT_plural=Vert Horizontal Stripes
STRIPES_H_PURPURE=Purpure Horizontal Stripes
STRIPES_H_PURPURE_plural=Purpure Horizontal Stripes
STRIPES_H_SABLE=Sable Horizontal Stripes
STRIPES_H_SABLE_plural=Sable Horizontal Stripes
STRIPES_H_SANGUINE=Sanguine Horizontal Stripes
STRIPES_H_SANGUINE_plural=Sanguine Horizontal Stripes
STRIPES_H_MURREY=Murrey Horizontal Stripes
STRIPES_H_MURREY_plural=Murrey Horizontal Stripes
STRIPES_H_TENNE=Tenné Horizontal Stripes
STRIPES_H_TENNE_plural=Tenné Horizontal Stripes
STRIPES_H_CENDREE=Cendree Horizontal Stripes
STRIPES_H_CENDREE_plural=Cendree Horizontal Stripes
STRIPES_H_BLEU_CELESTE=Bleu Celste Horizontal Stripes
STRIPES_H_BLEU_CELESTE_plural=Bleu Celste Horizontal Stripes

CE_GEAR_singular=A Set Of Gears
CE_GEAR_PLURAL=Sets Of Gears

CE_GEAR_ARGENT=Argent Set Of Gears
CE_GEAR_ARGENT_plural=Argent Sets Of Gears
CE_GEAR_OR=Or Set Of Gears
CE_GEAR_OR_plural=Or Sets Of Gears
CE_GEAR_GULES=Gules Set Of Gears
CE_GEAR_GULES_plural=Gules Sets Of Gears
CE_GEAR_AZURE=Azure Set Of Gears
CE_GEAR_AZURE_plural=Azure Sets Of Gears
CE_GEAR_VERT=Vert Set Of Gears
CE_GEAR_VERT_plural=Vert Sets Of Gears
CE_GEAR_PURPURE=Purpure Set Of Gears
CE_GEAR_PURPURE_plural=Purpure Sets Of Gears
CE_GEAR_SABLE=Sable Set Of Gears
CE_GEAR_SABLE_plural=Sable Sets Of Gears
CE_GEAR_SANGUINE=Sanguine Set Of Gears
CE_GEAR_SANGUINE_plural=Sanguine Sets Of Gears
CE_GEAR_MURREY=Murrey Set Of Gears
CE_GEAR_MURREY_plural=Murrey Sets Of Gears
CE_GEAR_TENNE=Tenné Set Of Gears
CE_GEAR_TENNE_plural=Tenné Sets Of Gears
CE_GEAR_CENDREE=Cendree Set Of Gears
CE_GEAR_CENDREE_plural=Cendree Sets Of Gears
CE_GEAR_BLEU_CELESTE=Bleu Celste Set Of Gears
CE_GEAR_BLEU_CELESTE_plural=Bleu Celste Sets Of Gears

CE_MOUNTAIN_singular=A Shining Crystal
CE_MOUNTAIN_PLURAL=Shining Crystals

CE_MOUNTAIN_ARGENT=Argent Shining Crystal
CE_MOUNTAIN_ARGENT_plural=Argent Shining Crystals
CE_MOUNTAIN_OR=Or Shining Crystal
CE_MOUNTAIN_OR_plural=Or Shining Crystals
CE_MOUNTAIN_GULES=Gules Shining Crystal
CE_MOUNTAIN_GULES_plural=Gules Shining Crystals
CE_MOUNTAIN_AZURE=Azure Shining Crystal
CE_MOUNTAIN_AZURE_plural=Azure Shining Crystals
CE_MOUNTAIN_VERT=Vert Shining Crystal
CE_MOUNTAIN_VERT_plural=Vert Shining Crystals
CE_MOUNTAIN_PURPURE=Purpure Shining Crystal
CE_MOUNTAIN_PURPURE_plural=Purpure Shining Crystals
CE_MOUNTAIN_SABLE=Sable Shining Crystal
CE_MOUNTAIN_SABLE_plural=Sable Shining Crystals
CE_MOUNTAIN_SANGUINE=Sanguine Shining Crystal
CE_MOUNTAIN_SANGUINE_plural=Sanguine Shining Crystals
CE_MOUNTAIN_MURREY=Murrey Shining Crystal
CE_MOUNTAIN_MURREY_plural=Murrey Shining Crystals
CE_MOUNTAIN_TENNE=Tenné Shining Crystal
CE_MOUNTAIN_TENNE_plural=Tenné Shining Crystals
CE_MOUNTAIN_CENDREE=Cendree Shining Crystal
CE_MOUNTAIN_CENDREE_plural=Cendree Shining Crystals
CE_MOUNTAIN_BLEU_CELESTE=Bleu Celste Shining Crystal
CE_MOUNTAIN_BLEU_CELESTE_plural=Bleu Celste Shining Crystals

TESLA_COIL_singular=a Tesla Coil
TESLA_COIL_PLURAL=Tesla Coils
ENERGY_singular=Energy
ENERGY_PLURAL=Energies
CLOCKWORK_singular=Clockwork
CLOCKWORK_PLURAL=Clockworks
IRONRAIDER_singular=a Kraken
IRONRAIDER_PLURAL=Krakens
BUZZARD_singular=a Buzzard Vulture
BUZZARD_PLURAL=Buzzard Vultures
CHAINBREAKER_singular=a Broken Chain
CHAINBREAKER_PLURAL=Broken Chains
MORETOOLS_singular=a Wrench and Hammer
MORETOOLS_PLURAL=Tools
ANGRYFISTS_singular=Clenched Fist
ANGRYFISTS_PLURAL=Fists
PROFESSORALUMINUM_singular=The ProfessorQUOTEs Face
PROFESSORALUMINUM_PLURAL=ProfessorQUOTEs Faces
WORM_EYE_singular=The Worm Eye
WORM_EYE_PLURAL=Worm Eyes

TESLA_COIL_ARGENT=an Argent Tesla Coil
TESLA_COIL_ARGENT_plural=Argent Tesla Coils
TESLA_COIL_OR=an Or Tesla Coil
TESLA_COIL_OR_plural=Or Tesla Coils
TESLA_COIL_GULES=a Gules Tesla Coil
TESLA_COIL_GULES_plural=Gules Tesla Coils
TESLA_COIL_AZURE=an Azure Tesla Coil
TESLA_COIL_AZURE_plural=Azure Tesla Coil
TESLA_COIL_VERT=a Vert Tesla Coil
TESLA_COIL_VERT_plural=Vert Tesla Coils
TESLA_COIL_PURPURE=a Purpure Tesla Coil
TESLA_COIL_PURPURE_plural=Purpure Tesla Coils
TESLA_COIL_SABLE=a Sable Tesla Coil
TESLA_COIL_SABLE_plural=Sable Tesla Coils
TESLA_COIL_SANGUINE=a Sanguine Tesla Coil
TESLA_COIL_SANGUINE_plural=Sanguine Tesla Coils
TESLA_COIL_MURREY=a Murrey Tesla Coil
TESLA_COIL_MURREY_plural=Murrey Tesla Coils
TESLA_COIL_TENNE=a Tenné Tesla Coil
TESLA_COIL_TENNE_plural=Tenné Tesla Coils
TESLA_COIL_CENDREE=a Cendree Tesla Coil
TESLA_COIL_CENDREE_plural=Cendree Tesla Coils
TESLA_COIL_BLEU_CELESTE=a Bleu Celeste Tesla Coil
TESLA_COIL_BLEU_CELESTE_plural=Bleu Celeste Tesla Coils

ENERGY_ARGENT=an Argent Energy
ENERGY_ARGENT_plural=Argent Energies
ENERGY_OR=an Or Energy
ENERGY_OR_plural=Or Energies
ENERGY_GULES=a Gules Energy
ENERGY_GULES_plural=Gules Energies
ENERGY_AZURE=an Azure Energy
ENERGY_AZURE_plural=Azure Energies
ENERGY_VERT=a Vert Energy
ENERGY_VERT_plural=Vert Energies
ENERGY_PURPURE=a Purpure Energy
ENERGY_PURPURE_plural=Purpure Energies
ENERGY_SABLE=a Sable Energy
ENERGY_SABLE_plural=Sable Energies
ENERGY_SANGUINE=a Sanguine Energy
ENERGY_SANGUINE_plural=Sanguine Energies
ENERGY_MURREY=a Murrey Energy
ENERGY_MURREY_plural=Murrey Energies
ENERGY_TENNE=a Tenné Energy
ENERGY_TENNE_plural=Tenné Energies
ENERGY_CENDREE=a Cendree Energy
ENERGY_CENDREE_plural=Cendree Energies
ENERGY_BLEU_CELESTE=a Bleu Celeste Energy
ENERGY_BLEU_CELESTE_plural=Bleu Celeste Energies

CLOCKWORK_ARGENT=Argent Clockwork
CLOCKWORK_ARGENT_plural=Argent Clockworks
CLOCKWORK_OR=Or Clockwork
CLOCKWORK_OR_plural=Or Clockworks
CLOCKWORK_GULES=Gules Clockwork
CLOCKWORK_GULES_plural=Gules Clockworks
CLOCKWORK_AZURE=Azure Clockwork
CLOCKWORK_AZURE_plural=Azure Clockwork
CLOCKWORK_VERT=Vert Clockwork
CLOCKWORK_VERT_plural=Vert Clockworks
CLOCKWORK_PURPURE=Purpure Clockwork
CLOCKWORK_PURPURE_plural=Purpure Clockworks
CLOCKWORK_SABLE=Sable Clockwork
CLOCKWORK_SABLE_plural=Sable Clockworks
CLOCKWORK_SANGUINE=Sanguine Clockwork
CLOCKWORK_SANGUINE_plural=Sanguine Clockworks
CLOCKWORK_MURREY=Murrey Clockwork
CLOCKWORK_MURREY_plural=Murrey Clockworks
CLOCKWORK_TENNE=Tenné Clockwork
CLOCKWORK_TENNE_plural=Tenné Clockworks
CLOCKWORK_CENDREE=Cendree Clockwork
CLOCKWORK_CENDREE_plural=Cendree Clockworks
CLOCKWORK_BLEU_CELESTE=Bleu Celeste Clockwork
CLOCKWORK_BLEU_CELESTE_plural=Bleu Celeste Clockworks

IRONRAIDER_ARGENT=an Argent Kraken
IRONRAIDER_ARGENT_plural=Argent Krakens
IRONRAIDER_OR=an Or Kraken
IRONRAIDER_OR_plural=Or Krakens
IRONRAIDER_GULES=a Gules Kraken
IRONRAIDER_GULES_plural=Gules Krakens
IRONRAIDER_AZURE=an Azure Kraken
IRONRAIDER_AZURE_plural=Azure Kraken
IRONRAIDER_VERT=a Vert Kraken
IRONRAIDER_VERT_plural=Vert Krakens
IRONRAIDER_PURPURE=a Purpure Kraken
IRONRAIDER_PURPURE_plural=Purpure Krakens
IRONRAIDER_SABLE=a Sable Kraken
IRONRAIDER_SABLE_plural=Sable Krakens
IRONRAIDER_SANGUINE=a Sanguine Kraken
IRONRAIDER_SANGUINE_plural=Sanguine Krakens
IRONRAIDER_MURREY=a Murrey Kraken
IRONRAIDER_MURREY_plural=Murrey Krakens
IRONRAIDER_TENNE=a Tenné Kraken
IRONRAIDER_TENNE_plural=Tenné Krakens
IRONRAIDER_CENDREE=a Cendree Kraken
IRONRAIDER_CENDREE_plural=Cendree Krakens
IRONRAIDER_BLEU_CELESTE=a Bleu Celeste Kraken
IRONRAIDER_BLEU_CELESTE_plural=Bleu Celeste Krakens

BUZZARD_ARGENT=an Argent Buzzard Vulture
BUZZARD_ARGENT_plural=Argent Buzzard Vultures
BUZZARD_OR=an Or Buzzard Vulture
BUZZARD_OR_plural=Or Buzzard Vultures
BUZZARD_GULES=a Gules Buzzard Vulture
BUZZARD_GULES_plural=Gules Buzzard Vultures
BUZZARD_AZURE=an Azure Buzzard Vulture
BUZZARD_AZURE_plural=Azure Buzzard Vulture
BUZZARD_VERT=a Vert Buzzard Vulture
BUZZARD_VERT_plural=Vert Buzzard Vultures
BUZZARD_PURPURE=a Purpure Buzzard Vulture
BUZZARD_PURPURE_plural=Purpure Buzzard Vultures
BUZZARD_SABLE=a Sable Buzzard Vulture
BUZZARD_SABLE_plural=Sable Buzzard Vultures
BUZZARD_SANGUINE=a Sanguine Buzzard Vulture
BUZZARD_SANGUINE_plural=Sanguine Buzzard Vultures
BUZZARD_MURREY=a Murrey Buzzard Vulture
BUZZARD_MURREY_plural=Murrey Buzzard Vultures
BUZZARD_TENNE=a Tenné Buzzard Vulture
BUZZARD_TENNE_plural=Tenné Buzzard Vultures
BUZZARD_CENDREE=a Cendree Buzzard Vulture
BUZZARD_CENDREE_plural=Cendree Buzzard Vultures
BUZZARD_BLEU_CELESTE=a Bleu Celeste Buzzard Vulture
BUZZARD_BLEU_CELESTE_plural=Bleu Celeste Buzzard Vultures

CHAINBREAKER_ARGENT=an Argent Broken Chain
CHAINBREAKER_ARGENT_plural=Argent Broken Chains
CHAINBREAKER_OR=an Or Broken Chain
CHAINBREAKER_OR_plural=Or Broken Chains
CHAINBREAKER_GULES=a Gules Broken Chain
CHAINBREAKER_GULES_plural=Gules Broken Chains
CHAINBREAKER_AZURE=an Azure Broken Chain
CHAINBREAKER_AZURE_plural=Azure Broken Chains
CHAINBREAKER_VERT=a Vert Broken Chain
CHAINBREAKER_VERT_plural=Vert Broken Chains
CHAINBREAKER_PURPURE=a Purpure Broken Chain
CHAINBREAKER_PURPURE_plural=Purpure Broken Chains
CHAINBREAKER_SABLE=a Sable Broken Chain
CHAINBREAKER_SABLE_plural=Sable Broken Chains
CHAINBREAKER_SANGUINE=a Sanguine Broken Chain
CHAINBREAKER_SANGUINE_plural=Sanguine Broken Chains
CHAINBREAKER_MURREY=a Murrey Broken Chain
CHAINBREAKER_MURREY_plural=Murrey Broken Chains
CHAINBREAKER_TENNE=a Tenné Broken Chain
CHAINBREAKER_TENNE_plural=Tenné Broken Chains
CHAINBREAKER_CENDREE=a Cendree Broken Chain
CHAINBREAKER_CENDREE_plural=Cendree Broken Chains
CHAINBREAKER_BLEU_CELESTE=a Bleu Celeste Broken Chain
CHAINBREAKER_BLEU_CELESTE_plural=Bleu Celeste Broken Chains

MORETOOLS_ARGENT=an Argent Wrench and Hammer
MORETOOLS_ARGENT_plural=Argent Tools
MORETOOLS_OR=an Or Wrench and Hammer
MORETOOLS_OR_plural=Or Tools
MORETOOLS_GULES=a Gules Wrench and Hammer
MORETOOLS_GULES_plural=Gules Tools
MORETOOLS_AZURE=an Azure Wrench and Hammer
MORETOOLS_AZURE_plural=Azure Tools
MORETOOLS_VERT=a Vert Wrench and Hammer
MORETOOLS_VERT_plural=Vert Tools
MORETOOLS_PURPURE=a Purpure Wrench and Hammer
MORETOOLS_PURPURE_plural=Purpure Tools
MORETOOLS_SABLE=a Sable Wrench and Hammer
MORETOOLS_SABLE_plural=Sable Tools
MORETOOLS_SANGUINE=a Sanguine Wrench and Hammer
MORETOOLS_SANGUINE_plural=Sanguine Tools
MORETOOLS_MURREY=a Murrey Wrench and Hammer
MORETOOLS_MURREY_plural=Murrey Tools
MORETOOLS_TENNE=a Tenné Wrench and Hammer
MORETOOLS_TENNE_plural=Tenné Tools
MORETOOLS_CENDREE=a Cendree Wrench and Hammer
MORETOOLS_CENDREE_plural=Cendree Tools
MORETOOLS_BLEU_CELESTE=a Bleu Celeste Wrench and Hammer
MORETOOLS_BLEU_CELESTE_plural=Bleu Celeste Tools

ANGRYFISTS_ARGENT=an Argent Clenched Fist
ANGRYFISTS_ARGENT_plural=Argent Fists
ANGRYFISTS_OR=an Or Clenched Fist
ANGRYFISTS_OR_plural=Or Fists
ANGRYFISTS_GULES=a Gules Clenched Fist
ANGRYFISTS_GULES_plural=Gules Fists
ANGRYFISTS_AZURE=an Azure Clenched Fist
ANGRYFISTS_AZURE_plural=Azure Fists
ANGRYFISTS_VERT=a Vert Clenched Fist
ANGRYFISTS_VERT_plural=Vert Fists
ANGRYFISTS_PURPURE=a Purpure Clenched Fist
ANGRYFISTS_PURPURE_plural=Purpure Fists
ANGRYFISTS_SABLE=a Sable Clenched Fist
ANGRYFISTS_SABLE_plural=Sable Fists
ANGRYFISTS_SANGUINE=a Sanguine Clenched Fist
ANGRYFISTS_SANGUINE_plural=Sanguine Fists
ANGRYFISTS_MURREY=a Murrey Clenched Fist
ANGRYFISTS_MURREY_plural=Murrey Fists
ANGRYFISTS_TENNE=a Tenné Clenched Fist
ANGRYFISTS_TENNE_plural=Tenné Fists
ANGRYFISTS_CENDREE=a Cendree Clenched Fist
ANGRYFISTS_CENDREE_plural=Cendree Fists
ANGRYFISTS_BLEU_CELESTE=a Bleu Celeste Clenched Fist
ANGRYFISTS_BLEU_CELESTE_plural=Bleu Celeste Fists

PROFESSORALUMINUM_ARGENT=an Argent Face of the Professor
PROFESSORALUMINUM_ARGENT_plural=Argent ProfessorQUOTEs Faces
PROFESSORALUMINUM_OR=an Or Face of the Professor
PROFESSORALUMINUM_OR_plural=Or ProfessorQUOTEs Faces
PROFESSORALUMINUM_GULES=a Gules Face of the Professor
PROFESSORALUMINUM_GULES_plural=Gules ProfessorQUOTEs Faces
PROFESSORALUMINUM_AZURE=an Azure Face of the Professor
PROFESSORALUMINUM_AZURE_plural=Azure ProfessorQUOTEs Faces
PROFESSORALUMINUM_VERT=a Vert Face of the Professor
PROFESSORALUMINUM_VERT_plural=Vert ProfessorQUOTEs Faces
PROFESSORALUMINUM_PURPURE=a Purpure Face of the Professor
PROFESSORALUMINUM_PURPURE_plural=Purpure ProfessorQUOTEs Faces
PROFESSORALUMINUM_SABLE=a Sable Face of the Professor
PROFESSORALUMINUM_SABLE_plural=Sable ProfessorQUOTEs Faces
PROFESSORALUMINUM_SANGUINE=a Sanguine Face of the Professor
PROFESSORALUMINUM_SANGUINE_plural=Sanguine ProfessorQUOTEs Faces
PROFESSORALUMINUM_MURREY=a Murrey Face of the Professor
PROFESSORALUMINUM_MURREY_plural=Murrey ProfessorQUOTEs Faces
PROFESSORALUMINUM_TENNE=a Tenné Face of the Professor
PROFESSORALUMINUM_TENNE_plural=Tenné ProfessorQUOTEs Faces
PROFESSORALUMINUM_CENDREE=a Cendree Face of the Professor
PROFESSORALUMINUM_CENDREE_plural=Cendree ProfessorQUOTEs Faces
PROFESSORALUMINUM_BLEU_CELESTE=a Bleu Celeste Face of the Professor
PROFESSORALUMINUM_BLEU_CELESTE_plural=Bleu Celeste ProfessorQUOTEs Faces

WORM_EYE_ARGENT=an Argent Worm Eye
WORM_EYE_ARGENT_plural=Argent Worm Eyes
WORM_EYE_OR=an Or Worm Eye
WORM_EYE_OR_plural=Or Worm Eyes
WORM_EYE_GULES=a Gules Worm Eye
WORM_EYE_GULES_plural=Gules Worm Eyes
WORM_EYE_AZURE=an Azure Worm Eye
WORM_EYE_AZURE_plural=Azure Worm Eyes
WORM_EYE_VERT=a Vert Worm Eye
WORM_EYE_VERT_plural=Vert Worm Eyes
WORM_EYE_PURPURE=a Purpure Worm Eye
WORM_EYE_PURPURE_plural=Purpure Worm Eyes
WORM_EYE_SABLE=a Sable Worm Eye
WORM_EYE_SABLE_plural=Sable Worm Eyes
WORM_EYE_SANGUINE=a Sanguine Worm Eye
WORM_EYE_SANGUINE_plural=Sanguine Worm Eyes
WORM_EYE_MURREY=a Murrey Worm Eye
WORM_EYE_MURREY_plural=Murrey Worm Eyes
WORM_EYE_TENNE=a Tenné Worm Eye
WORM_EYE_TENNE_plural=Tenné Worm Eyes
WORM_EYE_CENDREE=a Cendree Worm Eye
WORM_EYE_CENDREE_plural=Cendree Worm Eyes
WORM_EYE_BLEU_CELESTE=a Bleu Celeste Worm Eye
WORM_EYE_BLEU_CELESTE_plural=Bleu Celeste Worm Eyes

Y_SWAN_singular=a Swan
Y_SWAN_PLURAL=Swans

Y_SWAN_ARGENT=an Argent Swan
Y_SWAN_ARGENT_plural=Argent Swans
Y_SWAN_OR=an Or Swan
Y_SWAN_OR_plural=Or Swans
Y_SWAN_GULES=a Gules Swan
Y_SWAN_GULES_plural=Gules Swans
Y_SWAN_AZURE=an Azure Swan
Y_SWAN_AZURE_plural=Azure Swans
Y_SWAN_VERT=a Vert Swan
Y_SWAN_VERT_plural=Vert Swans
Y_SWAN_PURPURE=a Purpure Swan
Y_SWAN_PURPURE_plural=Purpure Swans
Y_SWAN_SABLE=a Sable Swan
Y_SWAN_SABLE_plural=Sable Swans
Y_SWAN_SANGUINE=a Sanguine Swan
Y_SWAN_SANGUINE_plural=Sanguine Swans
Y_SWAN_MURREY=a Murrey Swan
Y_SWAN_MURREY_plural=Murrey Swans
Y_SWAN_TENNE=a Tenné Swan
Y_SWAN_TENNE_plural=Tenné Swans
Y_SWAN_CENDREE=a Cendree Swan
Y_SWAN_CENDREE_plural=Cendree Swans
Y_SWAN_BLEU_CELESTE=a Bleu Celeste Swan
Y_SWAN_BLEU_CELESTE_plural=Bleu Celeste Swans

Y_CASTLE_singular=a Castle
Y_CASTLE_PLURAL=Castles

Y_CASTLE_ARGENT=an Argent Castle
Y_CASTLE_ARGENT_plural=Argent Castles
Y_CASTLE_OR=an Or Castle
Y_CASTLE_OR_plural=Or Castles
Y_CASTLE_GULES=a Gules Castle
Y_CASTLE_GULES_plural=Gules Castles
Y_CASTLE_AZURE=an Azure Castle
Y_CASTLE_AZURE_plural=Azure Castles
Y_CASTLE_VERT=a Vert Castle
Y_CASTLE_VERT_plural=Vert Castles
Y_CASTLE_PURPURE=a Purpure Castle
Y_CASTLE_PURPURE_plural=Purpure Castles
Y_CASTLE_SABLE=a Sable Castle
Y_CASTLE_SABLE_plural=Sable Castles
Y_CASTLE_SANGUINE=a Sanguine Castle
Y_CASTLE_SANGUINE_plural=Sanguine Castles
Y_CASTLE_MURREY=a Murrey Castle
Y_CASTLE_MURREY_plural=Murrey Castles
Y_CASTLE_TENNE=a Tenné Castle
Y_CASTLE_TENNE_plural=Tenné Castles
Y_CASTLE_CENDREE=a Cendree Castle
Y_CASTLE_CENDREE_plural=Cendree Castles
Y_CASTLE_BLEU_CELESTE=a Bleu Celeste Castle
Y_CASTLE_BLEU_CELESTE_plural=Bleu Celeste Castles

Y_BOT_singular=a Bot
Y_BOT_PLURAL=Bots

Y_BOT_ARGENT=an Argent Bot
Y_BOT_ARGENT_plural=Argent Bots
Y_BOT_OR=an Or Bot
Y_BOT_OR_plural=Or Bots
Y_BOT_GULES=a Gules Bot
Y_BOT_GULES_plural=Gules Bots
Y_BOT_AZURE=an Azure Bot
Y_BOT_AZURE_plural=Azure Bots
Y_BOT_VERT=a Vert Bot
Y_BOT_VERT_plural=Vert Bots
Y_BOT_PURPURE=a Purpure Bot
Y_BOT_PURPURE_plural=Purpure Bots
Y_BOT_SABLE=a Sable Bot
Y_BOT_SABLE_plural=Sable Bots
Y_BOT_SANGUINE=a Sanguine Bot
Y_BOT_SANGUINE_plural=Sanguine Bots
Y_BOT_MURREY=a Murrey Bot
Y_BOT_MURREY_plural=Murrey Bots
Y_BOT_TENNE=a Tenné Bot
Y_BOT_TENNE_plural=Tenné Bots
Y_BOT_CENDREE=a Cendree Bot
Y_BOT_CENDREE_plural=Cendree Bots
Y_BOT_BLEU_CELESTE=a Bleu Celeste Bot
Y_BOT_BLEU_CELESTE_plural=Bleu Celeste Bots

Y_WEREWOLF_singular=a Werewolf
Y_WEREWOLF_PLURAL=Werewolves

Y_WEREWOLF_ARGENT=an Argent Werewolf
Y_WEREWOLF_ARGENT_plural=Argent Werewolves
Y_WEREWOLF_OR=an Or Werewolf
Y_WEREWOLF_OR_plural=Or Werewolves
Y_WEREWOLF_GULES=a Gules Werewolf
Y_WEREWOLF_GULES_plural=Gules Werewolves
Y_WEREWOLF_AZURE=an Azure Werewolf
Y_WEREWOLF_AZURE_plural=Azure Werewolves
Y_WEREWOLF_VERT=a Vert Werewolf
Y_WEREWOLF_VERT_plural=Vert Werewolves
Y_WEREWOLF_PURPURE=a Purpure Werewolf
Y_WEREWOLF_PURPURE_plural=Purpure Werewolves
Y_WEREWOLF_SABLE=a Sable Werewolf
Y_WEREWOLF_SABLE_plural=Sable Werewolves
Y_WEREWOLF_SANGUINE=a Sanguine Werewolf
Y_WEREWOLF_SANGUINE_plural=Sanguine Werewolves
Y_WEREWOLF_MURREY=a Murrey Werewolf
Y_WEREWOLF_MURREY_plural=Murrey Werewolves
Y_WEREWOLF_TENNE=a Tenné Werewolf
Y_WEREWOLF_TENNE_plural=Tenné Werewolves
Y_WEREWOLF_CENDREE=a Cendree Werewolf
Y_WEREWOLF_CENDREE_plural=Cendree Werewolves
Y_WEREWOLF_BLEU_CELESTE=a Bleu Celeste Werewolf
Y_WEREWOLF_BLEU_CELESTE_plural=Bleu Celeste Werewolves

Y_FLUNKY_singular=a Flunky
Y_FLUNKY_PLURAL=Flunkies

Y_FLUNKY_ARGENT=an Argent Flunky
Y_FLUNKY_ARGENT_plural=Argent Flunkies
Y_FLUNKY_OR=an Or Flunky
Y_FLUNKY_OR_plural=Or Flunkies
Y_FLUNKY_GULES=a Gules Flunky
Y_FLUNKY_GULES_plural=Gules Flunkies
Y_FLUNKY_AZURE=an Azure Flunky
Y_FLUNKY_AZURE_plural=Azure Flunkies
Y_FLUNKY_VERT=a Vert Flunky
Y_FLUNKY_VERT_plural=Vert Flunkies
Y_FLUNKY_PURPURE=a Purpure Flunky
Y_FLUNKY_PURPURE_plural=Purpure Flunkies
Y_FLUNKY_SABLE=a Sable Flunky
Y_FLUNKY_SABLE_plural=Sable Flunkies
Y_FLUNKY_SANGUINE=a Sanguine Flunky
Y_FLUNKY_SANGUINE_plural=Sanguine Flunkies
Y_FLUNKY_MURREY=a Murrey Flunky
Y_FLUNKY_MURREY_plural=Murrey Flunkies
Y_FLUNKY_TENNE=a Tenné Flunky
Y_FLUNKY_TENNE_plural=Tenné Flunkies
Y_FLUNKY_CENDREE=a Cendree Flunky
Y_FLUNKY_CENDREE_plural=Cendree Flunkies
Y_FLUNKY_BLEU_CELESTE=a Bleu Celeste Flunky
Y_FLUNKY_BLEU_CELESTE_plural=Bleu Celeste Flunkies

Y_DOLLAR_singular=a Capitalist PigDog
Y_DOLLAR_PLURAL=Capitalist PigDogs

Y_DOLLAR_ARGENT=an Argent Capitalist PigDog
Y_DOLLAR_ARGENT_plural=Argent Capitalist PigDogs
Y_DOLLAR_OR=an Or Capitalist PigDog
Y_DOLLAR_OR_plural=Or Capitalist PigDogs
Y_DOLLAR_GULES=a Gules Capitalist PigDog
Y_DOLLAR_GULES_plural=Gules Capitalist PigDogs
Y_DOLLAR_AZURE=an Azure Capitalist PigDog
Y_DOLLAR_AZURE_plural=Azure Capitalist PigDogs
Y_DOLLAR_VERT=a Vert Capitalist PigDog
Y_DOLLAR_VERT_plural=Vert Capitalist PigDogs
Y_DOLLAR_PURPURE=a Purpure Capitalist PigDog
Y_DOLLAR_PURPURE_plural=Purpure Capitalist PigDogs
Y_DOLLAR_SABLE=a Sable Capitalist PigDog
Y_DOLLAR_SABLE_plural=Sable Capitalist PigDogs
Y_DOLLAR_SANGUINE=a Sanguine Capitalist PigDog
Y_DOLLAR_SANGUINE_plural=Sanguine Capitalist PigDogs
Y_DOLLAR_MURREY=a Murrey Capitalist PigDog
Y_DOLLAR_MURREY_plural=Murrey Capitalist PigDogs
Y_DOLLAR_TENNE=a Tenné Capitalist PigDog
Y_DOLLAR_TENNE_plural=Tenné Capitalist PigDogs
Y_DOLLAR_CENDREE=a Cendree Capitalist PigDog
Y_DOLLAR_CENDREE_plural=Cendree Capitalist PigDogs
Y_DOLLAR_BLEU_CELESTE=a Bleu Celeste Capitalist PigDog
Y_DOLLAR_BLEU_CELESTE_plural=Bleu Celeste Capitalist PigDogs

Y_DOLLAR_COIN_singular=a Capitalist PigDog Coins
Y_DOLLAR_COIN_PLURAL=Capitalist PigDogs Coins

Y_DOLLAR_COIN_ARGENT=an Argent Capitalist PigDog Coins
Y_DOLLAR_COIN_ARGENT_plural=Argent Capitalist PigDogs Coins
Y_DOLLAR_COIN_OR=an Or Capitalist PigDog Coins
Y_DOLLAR_COIN_OR_plural=Or Capitalist PigDogs Coins
Y_DOLLAR_COIN_GULES=a Gules Capitalist PigDog Coins
Y_DOLLAR_COIN_GULES_plural=Gules Capitalist PigDogs Coins
Y_DOLLAR_COIN_AZURE=an Azure Capitalist PigDog Coins
Y_DOLLAR_COIN_AZURE_plural=Azure Capitalist PigDogs Coins
Y_DOLLAR_COIN_VERT=a Vert Capitalist PigDog Coins
Y_DOLLAR_COIN_VERT_plural=Vert Capitalist PigDogs Coins
Y_DOLLAR_COIN_PURPURE=a Purpure Capitalist PigDog Coins
Y_DOLLAR_COIN_PURPURE_plural=Purpure Capitalist PigDogs Coins
Y_DOLLAR_COIN_SABLE=a Sable Capitalist PigDog Coins
Y_DOLLAR_COIN_SABLE_plural=Sable Capitalist PigDogs Coins
Y_DOLLAR_COIN_SANGUINE=a Sanguine Capitalist PigDog Coins
Y_DOLLAR_COIN_SANGUINE_plural=Sanguine Capitalist PigDogs Coins
Y_DOLLAR_COIN_MURREY=a Murrey Capitalist PigDog Coins
Y_DOLLAR_COIN_MURREY_plural=Murrey Capitalist PigDogs Coins
Y_DOLLAR_COIN_TENNE=a Tenné Capitalist PigDog Coins
Y_DOLLAR_COIN_TENNE_plural=Tenné Capitalist PigDogs Coins
Y_DOLLAR_COIN_CENDREE=a Cendree Capitalist PigDog Coins
Y_DOLLAR_COIN_CENDREE_plural=Cendree Capitalist PigDogs Coins
Y_DOLLAR_COIN_BLEU_CELESTE=a Bleu Celeste Capitalist PigDog Coins
Y_DOLLAR_COIN_BLEU_CELESTE_plural=Bleu Celeste Capitalist PigDogs Coins

Y_COMMIE_singular=a Commie Scum
Y_COMMIE_PLURAL=Commie Scums

Y_COMMIE_ARGENT=an Argent Commie Scum
Y_COMMIE_ARGENT_plural=Argent Commie Scums
Y_COMMIE_OR=an Or Commie Scum
Y_COMMIE_OR_plural=Or Commie Scums
Y_COMMIE_GULES=a Gules Commie Scum
Y_COMMIE_GULES_plural=Gules Commie Scums
Y_COMMIE_AZURE=an Azure Commie Scum
Y_COMMIE_AZURE_plural=Azure Commie Scums
Y_COMMIE_VERT=a Vert Commie Scum
Y_COMMIE_VERT_plural=Vert Commie Scums
Y_COMMIE_PURPURE=a Purpure Commie Scum
Y_COMMIE_PURPURE_plural=Purpure Commie Scums
Y_COMMIE_SABLE=a Sable Commie Scum
Y_COMMIE_SABLE_plural=Sable Commie Scums
Y_COMMIE_SANGUINE=a Sanguine Commie Scum
Y_COMMIE_SANGUINE_plural=Sanguine Commie Scums
Y_COMMIE_MURREY=a Murrey Commie Scum
Y_COMMIE_MURREY_plural=Murrey Commie Scums
Y_COMMIE_TENNE=a Tenné Commie Scum
Y_COMMIE_TENNE_plural=Tenné Commie Scums
Y_COMMIE_CENDREE=a Cendree Commie Scum
Y_COMMIE_CENDREE_plural=Cendree Commie Scums
Y_COMMIE_BLEU_CELESTE=a Bleu Celeste Commie Scum
Y_COMMIE_BLEU_CELESTE_plural=Bleu Celeste Commie Scums

Y_COMMIE_STAR_singular=a Commie Scum Star
Y_COMMIE_STAR_PLURAL=Commie Scum Stars

Y_COMMIE_STAR_ARGENT=an Argent Commie Scum Star
Y_COMMIE_STAR_ARGENT_plural=Argent Commie Scum Stars
Y_COMMIE_STAR_OR=an Or Commie Scum Star
Y_COMMIE_STAR_OR_plural=Or Commie Scum Stars
Y_COMMIE_STAR_GULES=a Gules Commie Scum Star
Y_COMMIE_STAR_GULES_plural=Gules Commie Scum Stars
Y_COMMIE_STAR_AZURE=an Azure Commie Scum Star
Y_COMMIE_STAR_AZURE_plural=Azure Commie Scum Stars
Y_COMMIE_STAR_VERT=a Vert Commie Scum Star
Y_COMMIE_STAR_VERT_plural=Vert Commie Scum Stars
Y_COMMIE_STAR_PURPURE=a Purpure Commie Scum Star
Y_COMMIE_STAR_PURPURE_plural=Purpure Commie Scum Stars
Y_COMMIE_STAR_SABLE=a Sable Commie Scum Star
Y_COMMIE_STAR_SABLE_plural=Sable Commie Scum Stars
Y_COMMIE_STAR_SANGUINE=a Sanguine Commie Scum Star
Y_COMMIE_STAR_SANGUINE_plural=Sanguine Commie Scum Stars
Y_COMMIE_STAR_MURREY=a Murrey Commie Scum Star
Y_COMMIE_STAR_MURREY_plural=Murrey Commie Scum Stars
Y_COMMIE_STAR_TENNE=a Tenné Commie Scum Star
Y_COMMIE_STAR_TENNE_plural=Tenné Commie Scum Stars
Y_COMMIE_STAR_CENDREE=a Cendree Commie Scum Star
Y_COMMIE_STAR_CENDREE_plural=Cendree Commie Scum Stars
Y_COMMIE_STAR_BLEU_CELESTE=a Bleu Celeste Commie Scum Star
Y_COMMIE_STAR_BLEU_CELESTE_plural=Bleu Celeste Commie Scum Stars

DWARFCHARGE_singular=a Dwarven Anvil
DWARFCHARGE_PLURAL=Dwarven Anvils

DWARFCHARGE_ARGENT=an Argent Dwarven Anvil
DWARFCHARGE_ARGENT_plural=Argent Dwarven Anvils
DWARFCHARGE_OR=an Or Dwarven Anvil
DWARFCHARGE_OR_plural=Or Dwarven Anvils
DWARFCHARGE_GULES=a Gules Dwarven Anvil
DWARFCHARGE_GULES_plural=Gules Dwarven Anvils
DWARFCHARGE_AZURE=an Azure Dwarven Anvil
DWARFCHARGE_AZURE_plural=Azure Dwarven Anvil
DWARFCHARGE_VERT=a Vert Dwarven Anvil
DWARFCHARGE_VERT_plural=Vert Dwarven Anvils
DWARFCHARGE_PURPURE=a Purpure Dwarven Anvil
DWARFCHARGE_PURPURE_plural=Purpure Dwarven Anvils
DWARFCHARGE_SABLE=a Sable Dwarven Anvil
DWARFCHARGE_SABLE_plural=Sable Dwarven Anvils
DWARFCHARGE_SANGUINE=a Sanguine Dwarven Anvil
DWARFCHARGE_SANGUINE_plural=Sanguine Dwarven Anvils
DWARFCHARGE_MURREY=a Murrey Dwarven Anvil
DWARFCHARGE_MURREY_plural=Murrey Dwarven Anvils
DWARFCHARGE_TENNE=a Tenné Dwarven Anvil
DWARFCHARGE_TENNE_plural=Tenné Dwarven Anvils
DWARFCHARGE_CENDREE=a Cendree Dwarven Anvil
DWARFCHARGE_CENDREE_plural=Cendree Dwarven Anvils
DWARFCHARGE_BLEU_CELESTE=a Bleu Celeste Dwarven Anvil
DWARFCHARGE_BLEU_CELESTE_plural=Bleu Celeste Dwarven Anvils

ELFCHARGE_singular=a Elven Feyleaf
ELFCHARGE_PLURAL=Elven Feyleafs

ELFCHARGE_ARGENT=an Argent Elven Feyleaf
ELFCHARGE_ARGENT_plural=Argent Elven Feyleafs
ELFCHARGE_OR=an Or Elven Feyleaf
ELFCHARGE_OR_plural=Or Elven Feyleafs
ELFCHARGE_GULES=a Gules Elven Feyleaf
ELFCHARGE_GULES_plural=Gules Elven Feyleafs
ELFCHARGE_AZURE=an Azure Elven Feyleaf
ELFCHARGE_AZURE_plural=Azure Elven Feyleaf
ELFCHARGE_VERT=a Vert Elven Feyleaf
ELFCHARGE_VERT_plural=Vert Elven Feyleafs
ELFCHARGE_PURPURE=a Purpure Elven Feyleaf
ELFCHARGE_PURPURE_plural=Purpure Elven Feyleafs
ELFCHARGE_SABLE=a Sable Elven Feyleaf
ELFCHARGE_SABLE_plural=Sable Elven Feyleafs
ELFCHARGE_SANGUINE=a Sanguine Elven Feyleaf
ELFCHARGE_SANGUINE_plural=Sanguine Elven Feyleafs
ELFCHARGE_MURREY=a Murrey Elven Feyleaf
ELFCHARGE_MURREY_plural=Murrey Elven Feyleafs
ELFCHARGE_TENNE=a Tenné Elven Feyleaf
ELFCHARGE_TENNE_plural=Tenné Elven Feyleafs
ELFCHARGE_CENDREE=a Cendree Elven Feyleaf
ELFCHARGE_CENDREE_plural=Cendree Elven Feyleafs
ELFCHARGE_BLEU_CELESTE=a Bleu Celeste Elven Feyleaf
ELFCHARGE_BLEU_CELESTE_plural=Bleu Celeste Elven Feyleafs

KOBOLDCHARGE_singular=a Crudely Drawn Dragon
KOBOLDCHARGE_PLURAL=Crudely Drawn Dragons

KOBOLDCHARGE_ARGENT=an Argent Crudely Drawn Dragon
KOBOLDCHARGE_ARGENT_plural=Argent Crudely Drawn Dragons
KOBOLDCHARGE_OR=an Or Crudely Drawn Dragon
KOBOLDCHARGE_OR_plural=Or Crudely Drawn Dragons
KOBOLDCHARGE_GULES=a Gules Crudely Drawn Dragon
KOBOLDCHARGE_GULES_plural=Gules Crudely Drawn Dragons
KOBOLDCHARGE_AZURE=an Azure Crudely Drawn Dragon
KOBOLDCHARGE_AZURE_plural=Azure Crudely Drawn Dragon
KOBOLDCHARGE_VERT=Trogdor the Burninator
KOBOLDCHARGE_VERT_plural=Trogdors
KOBOLDCHARGE_PURPURE=a Purpure Crudely Drawn Dragon
KOBOLDCHARGE_PURPURE_plural=Purpure Crudely Drawn Dragons
KOBOLDCHARGE_SABLE=a Sable Crudely Drawn Dragon
KOBOLDCHARGE_SABLE_plural=Sable Crudely Drawn Dragons
KOBOLDCHARGE_SANGUINE=a Sanguine Crudely Drawn Dragon
KOBOLDCHARGE_SANGUINE_plural=Sanguine Crudely Drawn Dragons
KOBOLDCHARGE_MURREY=a Murrey Crudely Drawn Dragon
KOBOLDCHARGE_MURREY_plural=Murrey Crudely Drawn Dragons
KOBOLDCHARGE_TENNE=a Tenné Crudely Drawn Dragon
KOBOLDCHARGE_TENNE_plural=Tenné Crudely Drawn Dragons
KOBOLDCHARGE_CENDREE=a Cendree Crudely Drawn Dragon
KOBOLDCHARGE_CENDREE_plural=Cendree Crudely Drawn Dragons
KOBOLDCHARGE_BLEU_CELESTE=a Bleu Celeste Crudely Drawn Dragon
KOBOLDCHARGE_BLEU_CELESTE_plural=Bleu Celeste Crudely Drawn Dragons

SKYWHALE_singular=a SkywhalerQUOTEs Mark
SKYWHALE_PLURAL=SkywhalerQUOTEs Marks

SKYWHALE_ARGENT=an Argent SkywhalerQUOTEs Mark
SKYWHALE_ARGENT_plural=Argent SkywhalerQUOTEs Marks
SKYWHALE_OR=an Or SkywhalerQUOTEs Mark
SKYWHALE_OR_plural=Or SkywhalerQUOTEs Marks
SKYWHALE_GULES=a Gules SkywhalerQUOTEs Mark
SKYWHALE_GULES_plural=Gules SkywhalerQUOTEs Marks
SKYWHALE_AZURE=an Azure SkywhalerQUOTEs Mark
SKYWHALE_AZURE_plural=Azure SkywhalerQUOTEs Mark
SKYWHALE_VERT=a Vert SkywhalerQUOTEs Mark
SKYWHALE_VERT_plural=Vert SkywhalerQUOTEs Marks
SKYWHALE_PURPURE=a Purpure SkywhalerQUOTEs Mark
SKYWHALE_PURPURE_plural=Purpure SkywhalerQUOTEs Marks
SKYWHALE_SABLE=a Sable SkywhalerQUOTEs Mark
SKYWHALE_SABLE_plural=Sable SkywhalerQUOTEs Marks
SKYWHALE_SANGUINE=a Sanguine SkywhalerQUOTEs Mark
SKYWHALE_SANGUINE_plural=Sanguine SkywhalerQUOTEs Marks
SKYWHALE_MURREY=a Murrey SkywhalerQUOTEs Mark
SKYWHALE_MURREY_plural=Murrey SkywhalerQUOTEs Marks
SKYWHALE_TENNE=a Tenné SkywhalerQUOTEs Mark
SKYWHALE_TENNE_plural=Tenné SkywhalerQUOTEs Marks
SKYWHALE_CENDREE=a Cendree SkywhalerQUOTEs Mark
SKYWHALE_CENDREE_plural=Cendree SkywhalerQUOTEs Marks
SKYWHALE_BLEU_CELESTE=a Bleu Celeste SkywhalerQUOTEs Mark
SKYWHALE_BLEU_CELESTE_plural=Bleu Celeste SkywhalerQUOTEs Marks

SKYWHALE_2_singular=a SkywhalerQUOTEs Mark
SKYWHALE_2_PLURAL=SkywhalerQUOTEs Marks

SKYWHALE_2_ARGENT=an Argent SkywhalerQUOTEs Mark
SKYWHALE_2_ARGENT_plural=Argent SkywhalerQUOTEs Marks
SKYWHALE_2_OR=an Or SkywhalerQUOTEs Mark
SKYWHALE_2_OR_plural=Or SkywhalerQUOTEs Marks
SKYWHALE_2_GULES=a Gules SkywhalerQUOTEs Mark
SKYWHALE_2_GULES_plural=Gules SkywhalerQUOTEs Marks
SKYWHALE_2_AZURE=an Azure SkywhalerQUOTEs Mark
SKYWHALE_2_AZURE_plural=Azure SkywhalerQUOTEs Mark
SKYWHALE_2_VERT=a Vert SkywhalerQUOTEs Mark
SKYWHALE_2_VERT_plural=Vert SkywhalerQUOTEs Marks
SKYWHALE_2_PURPURE=a Purpure SkywhalerQUOTEs Mark
SKYWHALE_2_PURPURE_plural=Purpure SkywhalerQUOTEs Marks
SKYWHALE_2_SABLE=a Sable SkywhalerQUOTEs Mark
SKYWHALE_2_SABLE_plural=Sable SkywhalerQUOTEs Marks
SKYWHALE_2_SANGUINE=a Sanguine SkywhalerQUOTEs Mark
SKYWHALE_2_SANGUINE_plural=Sanguine SkywhalerQUOTEs Marks
SKYWHALE_2_MURREY=a Murrey SkywhalerQUOTEs Mark
SKYWHALE_2_MURREY_plural=Murrey SkywhalerQUOTEs Marks
SKYWHALE_2_TENNE=a Tenné SkywhalerQUOTEs Mark
SKYWHALE_2_TENNE_plural=Tenné SkywhalerQUOTEs Marks
SKYWHALE_2_CENDREE=a Cendree SkywhalerQUOTEs Mark
SKYWHALE_2_CENDREE_plural=Cendree SkywhalerQUOTEs Marks
SKYWHALE_2_BLEU_CELESTE=a Bleu Celeste SkywhalerQUOTEs Mark
SKYWHALE_2_BLEU_CELESTE_plural=Bleu Celeste SkywhalerQUOTEs Marks
